intern_id,first_name,last_name,gender,email,education_level,academic_major,primary_career_field,join_date,status
INT-0001,Omar,Dubois,Female,omar.dubois1@internship.org,Master's Degree Student,Information Technology,Data Science & Artificial Intelligence,2024-11-19,Active
INT-0002,Rania,Smith,Non-Binary,rania.smith2@internship.org,Undergraduate Student,Mathematics & Statistics,Web & Full-Stack Development,2025-02-17,Active
INT-0003,Daniel,Nakamura,Non-Binary,daniel.nakamura3@internship.org,Undergraduate Student,Information Technology,UI/UX & Product Design,2025-10-29,Active
INT-0004,Jack,Hernandez,Male,jack.hernandez4@internship.org,Master's Degree Student,Computer Science,Data Science & Artificial Intelligence,2025-05-23,Active
INT-0005,Emily,Garcia,Female,emily.garcia5@internship.org,Career Switcher,Electrical Engineering,Web & Full-Stack Development,2024-11-15,Active
INT-0006,Hassan,Wang,Male,hassan.wang6@internship.org,Master's Degree Student,Computer Science,UI/UX & Product Design,2024-12-06,Active
INT-0007,Zoey,Lee,Female,zoey.lee7@internship.org,Master's Degree Student,Electrical Engineering,Mobile App Development,2024-10-25,Active
INT-0008,Ahmed,Santos,Female,ahmed.santos8@internship.org,Bootcamp Graduate,Software Engineering,Data Science & Artificial Intelligence,2025-06-23,Graduated
INT-0009,Emily,Miller,Non-Binary,emily.miller9@internship.org,Bootcamp Graduate,Data Science & Analytics,Cloud Computing & DevOps,2026-02-03,Active
INT-0010,Emily,Schmidt,Non-Binary,emily.schmidt10@internship.org,Master's Degree Student,Data Science & Analytics,Mobile App Development,2025-01-05,Graduated
INT-0011,Jordan,Lee,Male,jordan.lee11@internship.org,Career Switcher,Business Information Systems,Data Science & Artificial Intelligence,2026-04-20,Active
INT-0012,Thomas,Chowdhury,Female,thomas.chowdhury12@internship.org,Bootcamp Graduate,Electrical Engineering,Cybersecurity & Network Security,2025-02-11,Active
INT-0013,Zayd,Pereira,Non-Binary,zayd.pereira13@internship.org,Undergraduate Student,Graphic & Interaction Design,Cybersecurity & Network Security,2026-01-13,Graduated
INT-0014,Jordan,Garcia,Male,jordan.garcia14@internship.org,Undergraduate Student,Business Information Systems,Mobile App Development,2025-11-29,Active
INT-0015,Jasmine,Wu,Non-Binary,jasmine.wu15@internship.org,Undergraduate Student,Information Technology,Data Science & Artificial Intelligence,2024-11-10,Active
INT-0016,Tariq,Chowdhury,Female,tariq.chowdhury16@internship.org,Undergraduate Student,Data Science & Analytics,UI/UX & Product Design,2024-10-20,Active
INT-0017,Ibrahim,Lee,Non-Binary,ibrahim.lee17@internship.org,Career Switcher,Business Information Systems,Cloud Computing & DevOps,2024-09-09,Placed in Tech Role
INT-0018,Rania,Silva,Female,rania.silva18@internship.org,Master's Degree Student,Business Information Systems,Cloud Computing & DevOps,2025-05-23,Graduated
INT-0019,Andreas,Johnson,Male,andreas.johnson19@internship.org,Undergraduate Student,Computer Science,UI/UX & Product Design,2025-03-24,Graduated
INT-0020,Liam,Suzuki,Female,liam.suzuki20@internship.org,Master's Degree Student,Software Engineering,UI/UX & Product Design,2026-01-10,Active
INT-0021,Liam,Rahman,Female,liam.rahman21@internship.org,Undergraduate Student,Data Science & Analytics,Mobile App Development,2025-10-17,Placed in Tech Role
INT-0022,Zayd,Al-Mansoor,Non-Binary,zayd.almansoor22@internship.org,Undergraduate Student,Computer Science,Web & Full-Stack Development,2026-05-20,Placed in Tech Role
INT-0023,Fatima,Ibrahim,Female,fatima.ibrahim23@internship.org,Undergraduate Student,Software Engineering,Web & Full-Stack Development,2026-05-27,Graduated
INT-0024,Ali,Suzuki,Non-Binary,ali.suzuki24@internship.org,Bootcamp Graduate,Data Science & Analytics,UI/UX & Product Design,2025-11-02,Active
INT-0025,Bilal,Ivanov,Non-Binary,bilal.ivanov25@internship.org,Bootcamp Graduate,Mathematics & Statistics,Data Science & Artificial Intelligence,2026-04-10,Placed in Tech Role
INT-0026,Sarah,Schmidt,Female,sarah.schmidt26@internship.org,Master's Degree Student,Mathematics & Statistics,UI/UX & Product Design,2025-08-07,Active
INT-0027,Zara,Novak,Male,zara.novak27@internship.org,Undergraduate Student,Information Technology,Web & Full-Stack Development,2025-12-01,Active
INT-0028,Mei,Hernandez,Non-Binary,mei.hernandez28@internship.org,Undergraduate Student,Software Engineering,UI/UX & Product Design,2025-02-25,Active
INT-0029,Ali,Wu,Female,ali.wu29@internship.org,Bootcamp Graduate,Software Engineering,Mobile App Development,2026-02-02,Active
INT-0030,Kavya,Hassan,Non-Binary,kavya.hassan30@internship.org,Undergraduate Student,Graphic & Interaction Design,Data Science & Artificial Intelligence,2026-05-21,Graduated
INT-0031,Jack,Hansen,Female,jack.hansen31@internship.org,Undergraduate Student,Mathematics & Statistics,Cloud Computing & DevOps,2025-08-29,Active
INT-0032,Yuki,Silva,Female,yuki.silva32@internship.org,Master's Degree Student,Software Engineering,Web & Full-Stack Development,2025-05-22,Active
INT-0033,Victor,Williams,Female,victor.williams33@internship.org,Undergraduate Student,Information Technology,Mobile App Development,2025-07-25,Active
INT-0034,Brenda,Jackson,Male,brenda.jackson34@internship.org,Undergraduate Student,Software Engineering,Cybersecurity & Network Security,2025-11-02,Graduated
INT-0035,Ananya,Chowdhury,Non-Binary,ananya.chowdhury35@internship.org,Career Switcher,Computer Science,Web & Full-Stack Development,2025-03-03,Placed in Tech Role
INT-0036,Bilal,Mahmoud,Male,bilal.mahmoud36@internship.org,Undergraduate Student,Mathematics & Statistics,Web & Full-Stack Development,2024-09-02,Active
INT-0037,Ibrahim,Ivanov,Male,ibrahim.ivanov37@internship.org,Undergraduate Student,Business Information Systems,UI/UX & Product Design,2024-12-30,Graduated
INT-0038,Carlos,Johnson,Female,carlos.johnson38@internship.org,Career Switcher,Business Information Systems,Web & Full-Stack Development,2024-10-15,Graduated
INT-0039,Alex,Popov,Male,alex.popov39@internship.org,Master's Degree Student,Business Information Systems,Data Science & Artificial Intelligence,2025-09-30,Active
INT-0040,Amara,Wang,Female,amara.wang40@internship.org,Undergraduate Student,Software Engineering,UI/UX & Product Design,2025-07-11,Graduated
INT-0041,Andreas,Wilson,Non-Binary,andreas.wilson41@internship.org,Undergraduate Student,Computer Science,Mobile App Development,2026-01-24,Active
INT-0042,Nadia,Pereira,Non-Binary,nadia.pereira42@internship.org,Undergraduate Student,Computer Engineering,Data Science & Artificial Intelligence,2025-05-03,Active
INT-0043,David,Ivanov,Male,david.ivanov43@internship.org,Undergraduate Student,Computer Engineering,Cybersecurity & Network Security,2026-04-07,Active
INT-0044,Zoey,Costa,Female,zoey.costa44@internship.org,Undergraduate Student,Software Engineering,Web & Full-Stack Development,2025-09-28,Active
INT-0045,Elena,Fernandez,Male,elena.fernandez45@internship.org,Bootcamp Graduate,Information Technology,Cloud Computing & DevOps,2025-08-07,Active
INT-0046,William,O'Connor,Non-Binary,william.oconnor46@internship.org,Undergraduate Student,Business Information Systems,Web & Full-Stack Development,2025-11-05,Active
INT-0047,Fatima,Zhang,Non-Binary,fatima.zhang47@internship.org,Undergraduate Student,Data Science & Analytics,Cloud Computing & DevOps,2024-11-23,Active
INT-0048,Sophia,Patel,Female,sophia.patel48@internship.org,Undergraduate Student,Information Technology,UI/UX & Product Design,2026-02-16,Active
INT-0049,Omar,Wang,Male,omar.wang49@internship.org,Master's Degree Student,Computer Engineering,Web & Full-Stack Development,2025-07-27,Active
INT-0050,William,Jackson,Female,william.jackson50@internship.org,Undergraduate Student,Data Science & Analytics,UI/UX & Product Design,2025-01-04,Placed in Tech Role
INT-0051,Sophia,Mendoza,Non-Binary,sophia.mendoza51@internship.org,Master's Degree Student,Business Information Systems,Web & Full-Stack Development,2026-02-19,Active
INT-0052,Zara,Garcia,Non-Binary,zara.garcia52@internship.org,Undergraduate Student,Electrical Engineering,Mobile App Development,2025-07-31,Active
INT-0053,Beatriz,Chen,Male,beatriz.chen53@internship.org,Undergraduate Student,Computer Science,Cloud Computing & DevOps,2025-03-13,Active
INT-0054,Rahul,Diallo,Male,rahul.diallo54@internship.org,Bootcamp Graduate,Mathematics & Statistics,Mobile App Development,2025-03-03,Graduated
INT-0055,Yuki,Gomez,Female,yuki.gomez55@internship.org,Bootcamp Graduate,Computer Science,Data Science & Artificial Intelligence,2025-05-17,Graduated
INT-0056,Valentina,Zhang,Male,valentina.zhang56@internship.org,Bootcamp Graduate,Information Technology,Cloud Computing & DevOps,2026-02-27,Active
INT-0057,Ananya,Lee,Female,ananya.lee57@internship.org,Bootcamp Graduate,Information Technology,Data Science & Artificial Intelligence,2025-08-24,Graduated
INT-0058,Hassan,Kaur,Female,hassan.kaur58@internship.org,Undergraduate Student,Information Technology,Cybersecurity & Network Security,2024-10-24,Active
INT-0059,Thomas,Jackson,Male,thomas.jackson59@internship.org,Master's Degree Student,Mathematics & Statistics,UI/UX & Product Design,2025-10-22,On Leave
INT-0060,Grace,Anderson,Female,grace.anderson60@internship.org,Bootcamp Graduate,Computer Engineering,Data Science & Artificial Intelligence,2025-03-26,Active
INT-0061,Ahmed,Diallo,Non-Binary,ahmed.diallo61@internship.org,Undergraduate Student,Electrical Engineering,Cybersecurity & Network Security,2025-10-03,Active
INT-0062,Andreas,Lee,Non-Binary,andreas.lee62@internship.org,Undergraduate Student,Computer Science,UI/UX & Product Design,2025-10-09,Active
INT-0063,Zoey,Torres,Non-Binary,zoey.torres63@internship.org,Master's Degree Student,Information Technology,Cloud Computing & DevOps,2026-01-29,Active
INT-0064,Zayd,Kim,Non-Binary,zayd.kim64@internship.org,Undergraduate Student,Software Engineering,UI/UX & Product Design,2025-09-29,Placed in Tech Role
INT-0065,Fatima,Santos,Male,fatima.santos65@internship.org,Undergraduate Student,Computer Engineering,Mobile App Development,2025-07-24,Active
INT-0066,Rahul,Lee,Non-Binary,rahul.lee66@internship.org,Master's Degree Student,Data Science & Analytics,Mobile App Development,2025-07-13,Active
INT-0067,Mei,Vargas,Female,mei.vargas67@internship.org,Undergraduate Student,Information Technology,Cybersecurity & Network Security,2025-12-16,Graduated
INT-0068,Priya,Khan,Male,priya.khan68@internship.org,Undergraduate Student,Information Technology,Mobile App Development,2026-05-12,Active
INT-0069,Sophia,Gomez,Non-Binary,sophia.gomez69@internship.org,Undergraduate Student,Business Information Systems,UI/UX & Product Design,2025-05-19,Active
INT-0070,Amara,Tran,Female,amara.tran70@internship.org,Master's Degree Student,Information Technology,Data Science & Artificial Intelligence,2024-10-06,Active
INT-0071,David,Morales,Non-Binary,david.morales71@internship.org,Bootcamp Graduate,Software Engineering,Cybersecurity & Network Security,2026-01-03,Active
INT-0072,Mohammed,Hansen,Non-Binary,mohammed.hansen72@internship.org,Master's Degree Student,Graphic & Interaction Design,Cybersecurity & Network Security,2026-01-23,Active
INT-0073,Samira,Al-Mansoor,Female,samira.almansoor73@internship.org,Bootcamp Graduate,Information Technology,Data Science & Artificial Intelligence,2026-02-23,Graduated
INT-0074,Lucas,Miller,Female,lucas.miller74@internship.org,Master's Degree Student,Software Engineering,Cybersecurity & Network Security,2025-08-27,Active
INT-0075,Rahul,Novak,Non-Binary,rahul.novak75@internship.org,Master's Degree Student,Graphic & Interaction Design,Mobile App Development,2025-09-28,Graduated
INT-0076,Jasmine,Vargas,Non-Binary,jasmine.vargas76@internship.org,Undergraduate Student,Data Science & Analytics,UI/UX & Product Design,2025-08-16,Graduated
INT-0077,Elena,Suzuki,Female,elena.suzuki77@internship.org,Bootcamp Graduate,Computer Engineering,Mobile App Development,2025-03-05,Active
INT-0078,Emily,Mendoza,Female,emily.mendoza78@internship.org,Master's Degree Student,Information Technology,Cloud Computing & DevOps,2025-10-25,Active
INT-0079,Amara,Fernandez,Female,amara.fernandez79@internship.org,Undergraduate Student,Data Science & Analytics,UI/UX & Product Design,2025-07-20,Active
INT-0080,Jack,Kim,Non-Binary,jack.kim80@internship.org,Undergraduate Student,Computer Science,Data Science & Artificial Intelligence,2025-06-30,Graduated
INT-0081,Zara,Tanaka,Non-Binary,zara.tanaka81@internship.org,Career Switcher,Computer Science,Mobile App Development,2024-09-05,Active
INT-0082,Hassan,Kaur,Male,hassan.kaur82@internship.org,Bootcamp Graduate,Mathematics & Statistics,Mobile App Development,2025-10-30,Graduated
INT-0083,Victor,Rahman,Female,victor.rahman83@internship.org,Undergraduate Student,Computer Engineering,Cybersecurity & Network Security,2025-06-30,Active
INT-0084,Grace,Santos,Non-Binary,grace.santos84@internship.org,Bootcamp Graduate,Data Science & Analytics,Cybersecurity & Network Security,2025-12-28,Placed in Tech Role
INT-0085,Maya,Anderson,Male,maya.anderson85@internship.org,Master's Degree Student,Computer Science,Web & Full-Stack Development,2024-12-15,Active
INT-0086,Yuki,Miller,Female,yuki.miller86@internship.org,Undergraduate Student,Mathematics & Statistics,Cloud Computing & DevOps,2025-05-12,Active
INT-0087,Grace,Suzuki,Male,grace.suzuki87@internship.org,Undergraduate Student,Mathematics & Statistics,Cloud Computing & DevOps,2025-09-01,Graduated
INT-0088,Aditi,Smith,Non-Binary,aditi.smith88@internship.org,Undergraduate Student,Electrical Engineering,Data Science & Artificial Intelligence,2026-04-30,Active
INT-0089,Priya,Chen,Female,priya.chen89@internship.org,Career Switcher,Information Technology,Web & Full-Stack Development,2025-03-05,Active
INT-0090,Beatriz,Morales,Non-Binary,beatriz.morales90@internship.org,Undergraduate Student,Information Technology,Cybersecurity & Network Security,2026-04-19,Active
INT-0091,Hannah,Gomez,Non-Binary,hannah.gomez91@internship.org,Master's Degree Student,Software Engineering,Data Science & Artificial Intelligence,2024-11-23,Placed in Tech Role
INT-0092,Nadia,Anderson,Male,nadia.anderson92@internship.org,Master's Degree Student,Mathematics & Statistics,Cybersecurity & Network Security,2025-02-02,Placed in Tech Role
INT-0093,Ali,Popov,Non-Binary,ali.popov93@internship.org,Bootcamp Graduate,Information Technology,Web & Full-Stack Development,2025-04-23,Active
INT-0094,Yara,Sato,Non-Binary,yara.sato94@internship.org,Bootcamp Graduate,Computer Science,Cloud Computing & DevOps,2026-01-27,Active
INT-0095,Hannah,Costa,Non-Binary,hannah.costa95@internship.org,Master's Degree Student,Computer Science,Cybersecurity & Network Security,2024-11-21,Graduated
INT-0096,Jasmine,Kumar,Non-Binary,jasmine.kumar96@internship.org,Bootcamp Graduate,Graphic & Interaction Design,UI/UX & Product Design,2025-01-15,Active
INT-0097,Sarah,Novak,Non-Binary,sarah.novak97@internship.org,Undergraduate Student,Business Information Systems,Cybersecurity & Network Security,2026-03-22,Active
INT-0098,Nadia,Jackson,Male,nadia.jackson98@internship.org,Bootcamp Graduate,Software Engineering,Cloud Computing & DevOps,2025-03-09,Graduated
INT-0099,Tariq,Miller,Non-Binary,tariq.miller99@internship.org,Master's Degree Student,Mathematics & Statistics,Cloud Computing & DevOps,2025-05-11,Active
INT-0100,Brenda,Muller,Female,brenda.muller100@internship.org,Undergraduate Student,Computer Engineering,Cloud Computing & DevOps,2025-12-08,Active
INT-0101,Samira,Wilson,Male,samira.wilson101@internship.org,Master's Degree Student,Business Information Systems,Data Science & Artificial Intelligence,2026-03-14,Active
INT-0102,Jack,Muller,Non-Binary,jack.muller102@internship.org,Bootcamp Graduate,Graphic & Interaction Design,UI/UX & Product Design,2025-08-15,Graduated
INT-0103,Valentina,Anderson,Female,valentina.anderson103@internship.org,Undergraduate Student,Mathematics & Statistics,UI/UX & Product Design,2026-01-29,Active
INT-0104,Nadia,Kumar,Male,nadia.kumar104@internship.org,Master's Degree Student,Electrical Engineering,Cybersecurity & Network Security,2025-11-02,On Leave
INT-0105,Grace,Kowalski,Non-Binary,grace.kowalski105@internship.org,Undergraduate Student,Computer Engineering,Cloud Computing & DevOps,2026-03-15,Active
INT-0106,Carlos,Khan,Female,carlos.khan106@internship.org,Master's Degree Student,Data Science & Analytics,Data Science & Artificial Intelligence,2025-09-12,Active
INT-0107,Emily,Silva,Non-Binary,emily.silva107@internship.org,Career Switcher,Business Information Systems,Mobile App Development,2024-11-18,Active
INT-0108,William,Hansen,Male,william.hansen108@internship.org,Undergraduate Student,Data Science & Analytics,Cloud Computing & DevOps,2025-10-20,Active
INT-0109,Beatriz,Jackson,Female,beatriz.jackson109@internship.org,Career Switcher,Business Information Systems,Cloud Computing & DevOps,2024-12-08,Active
INT-0110,Omar,Williams,Male,omar.williams110@internship.org,Undergraduate Student,Computer Science,Mobile App Development,2025-09-07,Active
INT-0111,Javier,Kim,Female,javier.kim111@internship.org,Career Switcher,Computer Engineering,Cybersecurity & Network Security,2024-10-21,Active
INT-0112,Isabella,Muller,Female,isabella.muller112@internship.org,Master's Degree Student,Computer Science,Data Science & Artificial Intelligence,2025-11-12,Active
INT-0113,Fatima,Das,Female,fatima.das113@internship.org,Undergraduate Student,Mathematics & Statistics,Mobile App Development,2025-12-25,Active
INT-0114,Daniel,Tanaka,Non-Binary,daniel.tanaka114@internship.org,Undergraduate Student,Graphic & Interaction Design,Cloud Computing & DevOps,2025-07-31,Graduated
INT-0115,Fatima,Pereira,Non-Binary,fatima.pereira115@internship.org,Undergraduate Student,Software Engineering,Data Science & Artificial Intelligence,2025-03-25,Active
INT-0116,Rahul,Das,Female,rahul.das116@internship.org,Undergraduate Student,Business Information Systems,Web & Full-Stack Development,2025-07-15,Active
INT-0117,Javier,Schmidt,Non-Binary,javier.schmidt117@internship.org,Undergraduate Student,Computer Science,Data Science & Artificial Intelligence,2025-04-08,Active
INT-0118,Samira,Williams,Male,samira.williams118@internship.org,Undergraduate Student,Information Technology,Cloud Computing & DevOps,2025-12-30,Graduated
INT-0119,Nadia,Santos,Female,nadia.santos119@internship.org,Undergraduate Student,Business Information Systems,Data Science & Artificial Intelligence,2025-03-26,Active
INT-0120,Wei,Garcia,Female,wei.garcia120@internship.org,Undergraduate Student,Computer Engineering,Mobile App Development,2025-11-17,Graduated
INT-0121,Zayd,Johnson,Male,zayd.johnson121@internship.org,Undergraduate Student,Computer Engineering,UI/UX & Product Design,2025-03-31,Active
INT-0122,Liam,O'Connor,Male,liam.oconnor122@internship.org,Undergraduate Student,Computer Science,Cybersecurity & Network Security,2025-12-13,Graduated
INT-0123,Elena,Anderson,Female,elena.anderson123@internship.org,Undergraduate Student,Computer Science,UI/UX & Product Design,2025-11-22,Graduated
INT-0124,Ahmed,Suzuki,Female,ahmed.suzuki124@internship.org,Undergraduate Student,Graphic & Interaction Design,Cloud Computing & DevOps,2025-11-29,Active
INT-0125,Jasmine,Rodriguez,Male,jasmine.rodriguez125@internship.org,Career Switcher,Graphic & Interaction Design,Cloud Computing & DevOps,2025-05-08,Active
INT-0126,Rahul,Diallo,Female,rahul.diallo126@internship.org,Undergraduate Student,Graphic & Interaction Design,Cloud Computing & DevOps,2025-07-09,Active
INT-0127,Wei,Suzuki,Non-Binary,wei.suzuki127@internship.org,Undergraduate Student,Software Engineering,Cloud Computing & DevOps,2024-11-30,Active
INT-0128,Thomas,Lopez,Non-Binary,thomas.lopez128@internship.org,Bootcamp Graduate,Computer Science,UI/UX & Product Design,2025-08-25,Graduated
INT-0129,Jack,Chowdhury,Female,jack.chowdhury129@internship.org,Master's Degree Student,Graphic & Interaction Design,UI/UX & Product Design,2024-10-11,Active
INT-0130,Chloe,Jackson,Non-Binary,chloe.jackson130@internship.org,Undergraduate Student,Computer Engineering,Cybersecurity & Network Security,2025-09-12,Graduated
INT-0131,Andreas,Anderson,Non-Binary,andreas.anderson131@internship.org,Master's Degree Student,Information Technology,UI/UX & Product Design,2025-11-02,Active
INT-0132,Aarav,Patel,Male,aarav.patel132@internship.org,Undergraduate Student,Software Engineering,Cybersecurity & Network Security,2026-01-17,Placed in Tech Role
INT-0133,William,Garcia,Male,william.garcia133@internship.org,Career Switcher,Computer Engineering,Mobile App Development,2025-07-20,Graduated
INT-0134,William,Morales,Male,william.morales134@internship.org,Undergraduate Student,Business Information Systems,Data Science & Artificial Intelligence,2025-12-10,Active
INT-0135,Liam,Smith,Female,liam.smith135@internship.org,Bootcamp Graduate,Computer Engineering,Cybersecurity & Network Security,2026-05-05,Active
INT-0136,Liam,Jackson,Female,liam.jackson136@internship.org,Undergraduate Student,Computer Engineering,Mobile App Development,2026-01-26,Active
INT-0137,Kavya,Williams,Female,kavya.williams137@internship.org,Undergraduate Student,Graphic & Interaction Design,Cloud Computing & DevOps,2026-04-16,Active
INT-0138,Maya,Lee,Male,maya.lee138@internship.org,Career Switcher,Information Technology,UI/UX & Product Design,2025-06-25,Active
INT-0139,Daniel,Wang,Male,daniel.wang139@internship.org,Undergraduate Student,Graphic & Interaction Design,UI/UX & Product Design,2025-06-24,Placed in Tech Role
INT-0140,Ibrahim,Santos,Non-Binary,ibrahim.santos140@internship.org,Career Switcher,Graphic & Interaction Design,Web & Full-Stack Development,2025-12-03,Active
INT-0141,Grace,Williams,Female,grace.williams141@internship.org,Bootcamp Graduate,Graphic & Interaction Design,Web & Full-Stack Development,2025-08-21,Active
INT-0142,Aarav,Silva,Female,aarav.silva142@internship.org,Undergraduate Student,Data Science & Analytics,Web & Full-Stack Development,2025-03-25,Active
INT-0143,Grace,Reyes,Non-Binary,grace.reyes143@internship.org,Undergraduate Student,Software Engineering,Cloud Computing & DevOps,2025-10-20,Graduated
INT-0144,Ibrahim,Khan,Non-Binary,ibrahim.khan144@internship.org,Master's Degree Student,Graphic & Interaction Design,Mobile App Development,2024-10-24,Active
INT-0145,David,Rodriguez,Non-Binary,david.rodriguez145@internship.org,Career Switcher,Information Technology,UI/UX & Product Design,2024-11-16,Active
INT-0146,Tariq,Rodriguez,Non-Binary,tariq.rodriguez146@internship.org,Bootcamp Graduate,Graphic & Interaction Design,Data Science & Artificial Intelligence,2024-09-23,Active
INT-0147,Ahmed,Khan,Female,ahmed.khan147@internship.org,Undergraduate Student,Electrical Engineering,Cybersecurity & Network Security,2025-10-18,Active
INT-0148,Jack,Pereira,Non-Binary,jack.pereira148@internship.org,Bootcamp Graduate,Data Science & Analytics,Data Science & Artificial Intelligence,2025-06-25,Active
INT-0149,Olivia,Sato,Female,olivia.sato149@internship.org,Undergraduate Student,Data Science & Analytics,Data Science & Artificial Intelligence,2025-03-17,Active
INT-0150,Jordan,Ivanov,Non-Binary,jordan.ivanov150@internship.org,Undergraduate Student,Graphic & Interaction Design,Cloud Computing & DevOps,2025-01-01,Active
INT-0151,Ali,Mendoza,Male,ali.mendoza151@internship.org,Career Switcher,Computer Engineering,UI/UX & Product Design,2026-02-19,Placed in Tech Role
INT-0152,Elena,Miller,Male,elena.miller152@internship.org,Undergraduate Student,Mathematics & Statistics,Cybersecurity & Network Security,2025-06-24,Active
INT-0153,Mohammed,Kowalski,Non-Binary,mohammed.kowalski153@internship.org,Undergraduate Student,Computer Engineering,Web & Full-Stack Development,2026-01-25,Placed in Tech Role
INT-0154,Isabella,Jackson,Female,isabella.jackson154@internship.org,Master's Degree Student,Computer Science,Mobile App Development,2025-04-11,Graduated
INT-0155,Thomas,Torres,Female,thomas.torres155@internship.org,Master's Degree Student,Electrical Engineering,Data Science & Artificial Intelligence,2025-12-27,Active
INT-0156,Elena,Sato,Non-Binary,elena.sato156@internship.org,Bootcamp Graduate,Data Science & Analytics,UI/UX & Product Design,2026-01-01,Active
INT-0157,Priya,Chen,Male,priya.chen157@internship.org,Bootcamp Graduate,Computer Science,Mobile App Development,2024-12-12,Active
INT-0158,Amara,Yamamoto,Male,amara.yamamoto158@internship.org,Undergraduate Student,Mathematics & Statistics,Data Science & Artificial Intelligence,2026-05-04,Active
INT-0159,Maya,Wilson,Male,maya.wilson159@internship.org,Master's Degree Student,Computer Engineering,Data Science & Artificial Intelligence,2025-09-10,Active
INT-0160,Victor,Johnson,Non-Binary,victor.johnson160@internship.org,Bootcamp Graduate,Software Engineering,Cybersecurity & Network Security,2024-12-19,Placed in Tech Role
INT-0161,Tariq,Hernandez,Non-Binary,tariq.hernandez161@internship.org,Master's Degree Student,Mathematics & Statistics,Mobile App Development,2026-05-08,Active
INT-0162,Isabella,Al-Mansoor,Male,isabella.almansoor162@internship.org,Master's Degree Student,Graphic & Interaction Design,Cloud Computing & DevOps,2026-02-05,Active
INT-0163,Elena,Popov,Male,elena.popov163@internship.org,Bootcamp Graduate,Electrical Engineering,Web & Full-Stack Development,2025-09-02,Active
INT-0164,Aditi,Reyes,Non-Binary,aditi.reyes164@internship.org,Undergraduate Student,Information Technology,UI/UX & Product Design,2025-08-27,Active
INT-0165,Zayd,Schmidt,Male,zayd.schmidt165@internship.org,Master's Degree Student,Software Engineering,Data Science & Artificial Intelligence,2024-09-29,Active
INT-0166,Fatima,Muller,Female,fatima.muller166@internship.org,Undergraduate Student,Business Information Systems,Data Science & Artificial Intelligence,2025-06-16,Active
INT-0167,Rahul,Smith,Non-Binary,rahul.smith167@internship.org,Career Switcher,Mathematics & Statistics,Mobile App Development,2024-12-30,Graduated
INT-0168,Zainab,Mahmoud,Non-Binary,zainab.mahmoud168@internship.org,Undergraduate Student,Graphic & Interaction Design,Mobile App Development,2025-04-06,Active
INT-0169,Ahmed,Schmidt,Male,ahmed.schmidt169@internship.org,Undergraduate Student,Graphic & Interaction Design,Data Science & Artificial Intelligence,2024-11-17,Graduated
INT-0170,Rania,Kumar,Non-Binary,rania.kumar170@internship.org,Career Switcher,Electrical Engineering,Web & Full-Stack Development,2025-01-26,Active
INT-0171,Andreas,Wang,Male,andreas.wang171@internship.org,Undergraduate Student,Information Technology,UI/UX & Product Design,2024-09-17,Active
INT-0172,Alex,Taylor,Male,alex.taylor172@internship.org,Undergraduate Student,Data Science & Analytics,Mobile App Development,2026-04-18,Active
INT-0173,Mei,Hassan,Non-Binary,mei.hassan173@internship.org,Undergraduate Student,Information Technology,Cloud Computing & DevOps,2026-05-06,Graduated
INT-0174,Zara,Rahman,Female,zara.rahman174@internship.org,Undergraduate Student,Data Science & Analytics,Data Science & Artificial Intelligence,2026-05-14,Active
INT-0175,Brenda,Dubois,Non-Binary,brenda.dubois175@internship.org,Bootcamp Graduate,Data Science & Analytics,Web & Full-Stack Development,2026-05-06,Active
INT-0176,David,Popov,Male,david.popov176@internship.org,Undergraduate Student,Computer Engineering,Web & Full-Stack Development,2025-07-24,Active
INT-0177,Lucas,Dubois,Non-Binary,lucas.dubois177@internship.org,Undergraduate Student,Graphic & Interaction Design,Cloud Computing & DevOps,2024-11-24,Active
INT-0178,Javier,Nakamura,Female,javier.nakamura178@internship.org,Career Switcher,Computer Science,UI/UX & Product Design,2026-01-25,Graduated
INT-0179,Lucas,Kaur,Male,lucas.kaur179@internship.org,Master's Degree Student,Computer Science,Web & Full-Stack Development,2025-07-09,On Leave
INT-0180,Jasmine,Sato,Female,jasmine.sato180@internship.org,Undergraduate Student,Graphic & Interaction Design,Web & Full-Stack Development,2025-05-09,Graduated
INT-0181,Noah,Garcia,Female,noah.garcia181@internship.org,Undergraduate Student,Business Information Systems,UI/UX & Product Design,2025-12-09,Active
INT-0182,Lucas,Johnson,Male,lucas.johnson182@internship.org,Master's Degree Student,Mathematics & Statistics,Web & Full-Stack Development,2024-11-28,Graduated
INT-0183,Yara,Rossi,Non-Binary,yara.rossi183@internship.org,Bootcamp Graduate,Business Information Systems,UI/UX & Product Design,2025-08-01,Graduated
INT-0184,Javier,Wilson,Female,javier.wilson184@internship.org,Undergraduate Student,Graphic & Interaction Design,Cybersecurity & Network Security,2024-11-13,Active
INT-0185,Gabriel,Martin,Male,gabriel.martin185@internship.org,Master's Degree Student,Electrical Engineering,Data Science & Artificial Intelligence,2025-09-04,Active
INT-0186,Ali,Das,Female,ali.das186@internship.org,Undergraduate Student,Software Engineering,UI/UX & Product Design,2026-05-24,Graduated
INT-0187,Beatriz,Patel,Female,beatriz.patel187@internship.org,Master's Degree Student,Business Information Systems,Mobile App Development,2024-12-04,Active
INT-0188,Jack,Kowalski,Non-Binary,jack.kowalski188@internship.org,Career Switcher,Mathematics & Statistics,UI/UX & Product Design,2025-04-12,Active
INT-0189,Noah,Kaur,Male,noah.kaur189@internship.org,Undergraduate Student,Business Information Systems,Data Science & Artificial Intelligence,2025-09-10,Active
INT-0190,Daniel,Wang,Female,daniel.wang190@internship.org,Undergraduate Student,Business Information Systems,Cloud Computing & DevOps,2025-04-05,Active
INT-0191,Mohammed,Hernandez,Male,mohammed.hernandez191@internship.org,Bootcamp Graduate,Business Information Systems,Web & Full-Stack Development,2026-01-24,Active
INT-0192,William,Schmidt,Male,william.schmidt192@internship.org,Undergraduate Student,Computer Engineering,UI/UX & Product Design,2025-05-22,Graduated
INT-0193,Hassan,Al-Mansoor,Female,hassan.almansoor193@internship.org,Bootcamp Graduate,Mathematics & Statistics,Web & Full-Stack Development,2026-01-05,Active
INT-0194,Aditi,Das,Non-Binary,aditi.das194@internship.org,Master's Degree Student,Mathematics & Statistics,Cybersecurity & Network Security,2025-01-01,Active
INT-0195,Hannah,Kaur,Non-Binary,hannah.kaur195@internship.org,Undergraduate Student,Software Engineering,Web & Full-Stack Development,2026-04-09,Active
INT-0196,Olivia,Chowdhury,Non-Binary,olivia.chowdhury196@internship.org,Undergraduate Student,Graphic & Interaction Design,UI/UX & Product Design,2025-12-16,Active
INT-0197,Javier,Mahmoud,Male,javier.mahmoud197@internship.org,Undergraduate Student,Business Information Systems,Web & Full-Stack Development,2024-11-26,Active
INT-0198,Ethan,Sato,Non-Binary,ethan.sato198@internship.org,Master's Degree Student,Business Information Systems,UI/UX & Product Design,2025-02-19,Active
INT-0199,Isabella,Rahman,Female,isabella.rahman199@internship.org,Undergraduate Student,Computer Engineering,Data Science & Artificial Intelligence,2026-04-17,Graduated
INT-0200,Elena,Johnson,Male,elena.johnson200@internship.org,Undergraduate Student,Graphic & Interaction Design,UI/UX & Product Design,2024-12-10,Active
INT-0201,Ibrahim,O'Connor,Non-Binary,ibrahim.oconnor201@internship.org,Undergraduate Student,Business Information Systems,UI/UX & Product Design,2024-10-26,Graduated
INT-0202,Isabella,Williams,Non-Binary,isabella.williams202@internship.org,Undergraduate Student,Computer Science,Cybersecurity & Network Security,2025-05-02,Placed in Tech Role
INT-0203,Mohammed,Martin,Non-Binary,mohammed.martin203@internship.org,Undergraduate Student,Mathematics & Statistics,Cloud Computing & DevOps,2024-09-17,Active
INT-0204,Gabriel,Gomez,Non-Binary,gabriel.gomez204@internship.org,Undergraduate Student,Electrical Engineering,Web & Full-Stack Development,2024-11-22,Active
INT-0205,David,Martin,Non-Binary,david.martin205@internship.org,Undergraduate Student,Software Engineering,Cybersecurity & Network Security,2026-04-03,Graduated
INT-0206,Grace,Hernandez,Male,grace.hernandez206@internship.org,Bootcamp Graduate,Software Engineering,Mobile App Development,2025-10-18,Active
INT-0207,Liam,Hansen,Male,liam.hansen207@internship.org,Undergraduate Student,Data Science & Analytics,Data Science & Artificial Intelligence,2025-03-18,Active
INT-0208,Carlos,Gupta,Non-Binary,carlos.gupta208@internship.org,Undergraduate Student,Software Engineering,Data Science & Artificial Intelligence,2026-01-01,Placed in Tech Role
INT-0209,Kavya,Miller,Non-Binary,kavya.miller209@internship.org,Bootcamp Graduate,Graphic & Interaction Design,UI/UX & Product Design,2025-11-13,Placed in Tech Role
INT-0210,Priya,Rodriguez,Non-Binary,priya.rodriguez210@internship.org,Undergraduate Student,Electrical Engineering,Data Science & Artificial Intelligence,2025-08-31,Active
INT-0211,Javier,Rodriguez,Male,javier.rodriguez211@internship.org,Bootcamp Graduate,Computer Science,Cloud Computing & DevOps,2025-04-30,Active
INT-0212,Jordan,Mendoza,Female,jordan.mendoza212@internship.org,Undergraduate Student,Computer Engineering,Web & Full-Stack Development,2024-11-10,Active
INT-0213,Olivia,Rahman,Non-Binary,olivia.rahman213@internship.org,Undergraduate Student,Business Information Systems,UI/UX & Product Design,2025-08-16,Graduated
INT-0214,Zayd,Torres,Non-Binary,zayd.torres214@internship.org,Master's Degree Student,Electrical Engineering,Mobile App Development,2024-12-27,Active
INT-0215,Alex,Mendoza,Female,alex.mendoza215@internship.org,Bootcamp Graduate,Electrical Engineering,UI/UX & Product Design,2026-01-15,Active
INT-0216,Brenda,Chen,Female,brenda.chen216@internship.org,Master's Degree Student,Graphic & Interaction Design,Mobile App Development,2025-01-02,Active
INT-0217,Hannah,Kumar,Male,hannah.kumar217@internship.org,Undergraduate Student,Electrical Engineering,UI/UX & Product Design,2026-05-07,Active
INT-0218,Omar,Rossi,Male,omar.rossi218@internship.org,Undergraduate Student,Software Engineering,Mobile App Development,2025-04-09,Active
INT-0219,Elena,Silva,Non-Binary,elena.silva219@internship.org,Career Switcher,Data Science & Analytics,Cloud Computing & DevOps,2026-01-29,Active
INT-0220,Benjamin,Yamamoto,Male,benjamin.yamamoto220@internship.org,Undergraduate Student,Mathematics & Statistics,Data Science & Artificial Intelligence,2024-11-05,Active
INT-0221,Fatima,Patel,Male,fatima.patel221@internship.org,Master's Degree Student,Electrical Engineering,Data Science & Artificial Intelligence,2026-03-28,Active
INT-0222,Rania,Yamamoto,Non-Binary,rania.yamamoto222@internship.org,Undergraduate Student,Mathematics & Statistics,Mobile App Development,2025-06-09,Active
INT-0223,Fatima,Gupta,Female,fatima.gupta223@internship.org,Undergraduate Student,Graphic & Interaction Design,Data Science & Artificial Intelligence,2024-12-16,Active
INT-0224,Benjamin,Costa,Male,benjamin.costa224@internship.org,Bootcamp Graduate,Software Engineering,Mobile App Development,2026-03-28,Graduated
INT-0225,Zainab,Novak,Female,zainab.novak225@internship.org,Master's Degree Student,Data Science & Analytics,Mobile App Development,2025-01-05,Active
INT-0226,Brenda,Vargas,Non-Binary,brenda.vargas226@internship.org,Bootcamp Graduate,Data Science & Analytics,UI/UX & Product Design,2025-07-17,Active
INT-0227,Hannah,Sato,Non-Binary,hannah.sato227@internship.org,Undergraduate Student,Graphic & Interaction Design,Mobile App Development,2026-04-05,Active
INT-0228,Valentina,Mendoza,Female,valentina.mendoza228@internship.org,Master's Degree Student,Computer Engineering,Cybersecurity & Network Security,2025-01-29,Placed in Tech Role
INT-0229,Hannah,Sato,Non-Binary,hannah.sato229@internship.org,Career Switcher,Graphic & Interaction Design,Cloud Computing & DevOps,2025-09-26,Graduated
INT-0230,Lucas,Mahmoud,Female,lucas.mahmoud230@internship.org,Bootcamp Graduate,Data Science & Analytics,Cloud Computing & DevOps,2025-09-09,Active
INT-0231,Yuki,Kumar,Non-Binary,yuki.kumar231@internship.org,Career Switcher,Business Information Systems,Web & Full-Stack Development,2026-04-16,Active
INT-0232,Bilal,Jackson,Male,bilal.jackson232@internship.org,Career Switcher,Data Science & Analytics,Cybersecurity & Network Security,2025-02-20,Active
INT-0233,Wei,Mendoza,Male,wei.mendoza233@internship.org,Career Switcher,Mathematics & Statistics,Web & Full-Stack Development,2025-06-18,Active
INT-0234,David,Lee,Female,david.lee234@internship.org,Undergraduate Student,Computer Science,Cloud Computing & DevOps,2026-03-10,Placed in Tech Role
INT-0235,Priya,Kim,Female,priya.kim235@internship.org,Undergraduate Student,Computer Engineering,Cybersecurity & Network Security,2024-12-17,Active
INT-0236,Tariq,Sharma,Male,tariq.sharma236@internship.org,Undergraduate Student,Computer Science,Web & Full-Stack Development,2025-02-15,Active
INT-0237,William,Garcia,Non-Binary,william.garcia237@internship.org,Career Switcher,Business Information Systems,Cybersecurity & Network Security,2025-04-12,Active
INT-0238,David,Kaur,Female,david.kaur238@internship.org,Undergraduate Student,Mathematics & Statistics,UI/UX & Product Design,2025-08-22,Graduated
INT-0239,Ali,Dubois,Male,ali.dubois239@internship.org,Master's Degree Student,Computer Science,UI/UX & Product Design,2025-03-07,Active
INT-0240,Samuel,Garcia,Male,samuel.garcia240@internship.org,Undergraduate Student,Electrical Engineering,Data Science & Artificial Intelligence,2025-01-24,Active
INT-0241,Rahul,Santos,Female,rahul.santos241@internship.org,Master's Degree Student,Electrical Engineering,Web & Full-Stack Development,2025-10-28,Placed in Tech Role
INT-0242,Liam,Taylor,Non-Binary,liam.taylor242@internship.org,Master's Degree Student,Mathematics & Statistics,Cybersecurity & Network Security,2025-06-28,Active
INT-0243,Hannah,Ivanov,Non-Binary,hannah.ivanov243@internship.org,Undergraduate Student,Software Engineering,Cloud Computing & DevOps,2026-01-24,Active
INT-0244,Omar,Diallo,Non-Binary,omar.diallo244@internship.org,Master's Degree Student,Electrical Engineering,Data Science & Artificial Intelligence,2025-10-30,Active
INT-0245,Grace,Tran,Non-Binary,grace.tran245@internship.org,Undergraduate Student,Graphic & Interaction Design,UI/UX & Product Design,2025-01-20,Active
INT-0246,Victor,Fernandez,Female,victor.fernandez246@internship.org,Master's Degree Student,Graphic & Interaction Design,Web & Full-Stack Development,2024-10-05,Active
INT-0247,Valentina,Hansen,Female,valentina.hansen247@internship.org,Undergraduate Student,Computer Engineering,Mobile App Development,2026-05-27,Active
INT-0248,Maya,Morales,Male,maya.morales248@internship.org,Undergraduate Student,Information Technology,Cloud Computing & DevOps,2026-04-30,Active
INT-0249,Alex,Williams,Non-Binary,alex.williams249@internship.org,Undergraduate Student,Software Engineering,Cloud Computing & DevOps,2025-07-08,Active
INT-0250,Sophia,Mendoza,Male,sophia.mendoza250@internship.org,Undergraduate Student,Data Science & Analytics,Cybersecurity & Network Security,2025-06-13,Active
INT-0251,Zoey,Torres,Non-Binary,zoey.torres251@internship.org,Undergraduate Student,Software Engineering,UI/UX & Product Design,2025-08-01,Active
INT-0252,Noah,Tran,Female,noah.tran252@internship.org,Master's Degree Student,Electrical Engineering,Web & Full-Stack Development,2026-01-27,Active
INT-0253,Ethan,Kaur,Male,ethan.kaur253@internship.org,Master's Degree Student,Mathematics & Statistics,Data Science & Artificial Intelligence,2025-06-01,Active
INT-0254,Javier,Chen,Non-Binary,javier.chen254@internship.org,Bootcamp Graduate,Electrical Engineering,Mobile App Development,2025-04-02,On Leave
INT-0255,Omar,Taylor,Female,omar.taylor255@internship.org,Undergraduate Student,Mathematics & Statistics,Cloud Computing & DevOps,2026-04-06,Active
INT-0256,Rania,Gomez,Female,rania.gomez256@internship.org,Undergraduate Student,Graphic & Interaction Design,Web & Full-Stack Development,2025-03-03,Active
INT-0257,Thomas,Rossi,Male,thomas.rossi257@internship.org,Undergraduate Student,Computer Science,Mobile App Development,2025-08-16,Active
INT-0258,Hannah,Kumar,Male,hannah.kumar258@internship.org,Bootcamp Graduate,Data Science & Analytics,Mobile App Development,2025-05-03,Active
INT-0259,Priya,Jackson,Female,priya.jackson259@internship.org,Career Switcher,Computer Science,UI/UX & Product Design,2025-10-08,Active
INT-0260,Ibrahim,Yamamoto,Non-Binary,ibrahim.yamamoto260@internship.org,Undergraduate Student,Computer Engineering,UI/UX & Product Design,2025-12-20,Active
INT-0261,Ethan,Schmidt,Male,ethan.schmidt261@internship.org,Undergraduate Student,Data Science & Analytics,Web & Full-Stack Development,2026-03-09,Active
INT-0262,Javier,Das,Non-Binary,javier.das262@internship.org,Career Switcher,Electrical Engineering,UI/UX & Product Design,2024-10-21,Active
INT-0263,Mei,O'Connor,Male,mei.oconnor263@internship.org,Bootcamp Graduate,Data Science & Analytics,UI/UX & Product Design,2026-02-26,Graduated
INT-0264,Omar,Gupta,Male,omar.gupta264@internship.org,Master's Degree Student,Software Engineering,Data Science & Artificial Intelligence,2025-03-03,Graduated
INT-0265,Valentina,Muller,Female,valentina.muller265@internship.org,Undergraduate Student,Electrical Engineering,Cybersecurity & Network Security,2025-11-03,Graduated
INT-0266,Beatriz,Reyes,Female,beatriz.reyes266@internship.org,Undergraduate Student,Mathematics & Statistics,UI/UX & Product Design,2025-10-14,Graduated
INT-0267,Jack,Tanaka,Male,jack.tanaka267@internship.org,Bootcamp Graduate,Software Engineering,Data Science & Artificial Intelligence,2026-01-12,Placed in Tech Role
INT-0268,Ali,Mendoza,Male,ali.mendoza268@internship.org,Master's Degree Student,Electrical Engineering,Data Science & Artificial Intelligence,2026-04-30,Graduated
INT-0269,Mei,Rodriguez,Non-Binary,mei.rodriguez269@internship.org,Undergraduate Student,Data Science & Analytics,Cybersecurity & Network Security,2024-10-14,Active
INT-0270,William,Dubois,Non-Binary,william.dubois270@internship.org,Undergraduate Student,Data Science & Analytics,Data Science & Artificial Intelligence,2026-03-05,Active
INT-0271,Daniel,Kowalski,Non-Binary,daniel.kowalski271@internship.org,Bootcamp Graduate,Software Engineering,Cloud Computing & DevOps,2025-11-02,Active
INT-0272,Emily,Fernandez,Non-Binary,emily.fernandez272@internship.org,Undergraduate Student,Business Information Systems,Web & Full-Stack Development,2025-01-09,Active
INT-0273,Nadia,Popov,Female,nadia.popov273@internship.org,Undergraduate Student,Electrical Engineering,Mobile App Development,2024-09-23,Active
INT-0274,Amara,Chen,Non-Binary,amara.chen274@internship.org,Bootcamp Graduate,Computer Engineering,UI/UX & Product Design,2025-11-19,Active
INT-0275,Jack,Reyes,Non-Binary,jack.reyes275@internship.org,Undergraduate Student,Business Information Systems,Cloud Computing & DevOps,2025-04-23,Active
INT-0276,Kai,Ibrahim,Non-Binary,kai.ibrahim276@internship.org,Undergraduate Student,Graphic & Interaction Design,Web & Full-Stack Development,2025-01-01,Active
INT-0277,Javier,Mahmoud,Male,javier.mahmoud277@internship.org,Undergraduate Student,Electrical Engineering,Mobile App Development,2026-03-12,Active
INT-0278,Gabriel,Silva,Male,gabriel.silva278@internship.org,Career Switcher,Data Science & Analytics,Cloud Computing & DevOps,2024-11-22,Active
INT-0279,Gabriel,Ibrahim,Male,gabriel.ibrahim279@internship.org,Undergraduate Student,Graphic & Interaction Design,Data Science & Artificial Intelligence,2024-10-10,Active
INT-0280,Ethan,Lee,Non-Binary,ethan.lee280@internship.org,Undergraduate Student,Data Science & Analytics,Cloud Computing & DevOps,2026-03-15,Placed in Tech Role
INT-0281,Gabriel,Hansen,Female,gabriel.hansen281@internship.org,Undergraduate Student,Business Information Systems,Cybersecurity & Network Security,2025-04-28,Active
INT-0282,Kavya,Anderson,Female,kavya.anderson282@internship.org,Career Switcher,Business Information Systems,Cybersecurity & Network Security,2025-02-15,Placed in Tech Role
INT-0283,Nadia,Kowalski,Female,nadia.kowalski283@internship.org,Undergraduate Student,Graphic & Interaction Design,Mobile App Development,2026-01-22,Graduated
INT-0284,Rania,Morales,Male,rania.morales284@internship.org,Master's Degree Student,Software Engineering,Cybersecurity & Network Security,2025-03-25,Active
INT-0285,Sarah,Kumar,Male,sarah.kumar285@internship.org,Undergraduate Student,Mathematics & Statistics,Web & Full-Stack Development,2025-01-30,Active
INT-0286,Hannah,Patel,Male,hannah.patel286@internship.org,Undergraduate Student,Business Information Systems,Cybersecurity & Network Security,2025-04-06,Graduated
INT-0287,Wei,Reyes,Non-Binary,wei.reyes287@internship.org,Master's Degree Student,Data Science & Analytics,Web & Full-Stack Development,2026-05-11,Active
INT-0288,Grace,Patel,Male,grace.patel288@internship.org,Bootcamp Graduate,Information Technology,Mobile App Development,2025-09-24,Active
INT-0289,Ahmed,Chen,Female,ahmed.chen289@internship.org,Undergraduate Student,Electrical Engineering,Cybersecurity & Network Security,2024-12-25,Active
INT-0290,Noah,Wu,Non-Binary,noah.wu290@internship.org,Undergraduate Student,Electrical Engineering,Data Science & Artificial Intelligence,2025-12-23,Active
INT-0291,Sophia,Vargas,Male,sophia.vargas291@internship.org,Master's Degree Student,Business Information Systems,Mobile App Development,2026-03-05,Active
INT-0292,Mohammed,Kaur,Male,mohammed.kaur292@internship.org,Bootcamp Graduate,Electrical Engineering,Cloud Computing & DevOps,2025-07-21,Active
INT-0293,Nadia,Kaur,Non-Binary,nadia.kaur293@internship.org,Bootcamp Graduate,Computer Science,Mobile App Development,2026-01-23,Active
INT-0294,Valentina,Tanaka,Non-Binary,valentina.tanaka294@internship.org,Master's Degree Student,Computer Science,Mobile App Development,2025-10-13,Active
INT-0295,Omar,Silva,Non-Binary,omar.silva295@internship.org,Bootcamp Graduate,Mathematics & Statistics,Data Science & Artificial Intelligence,2025-03-08,Graduated
INT-0296,Ahmed,Pereira,Non-Binary,ahmed.pereira296@internship.org,Undergraduate Student,Computer Science,Cybersecurity & Network Security,2024-12-27,Active
INT-0297,Jack,Schmidt,Female,jack.schmidt297@internship.org,Undergraduate Student,Graphic & Interaction Design,UI/UX & Product Design,2026-03-03,Graduated
INT-0298,Beatriz,Novak,Female,beatriz.novak298@internship.org,Master's Degree Student,Graphic & Interaction Design,Mobile App Development,2025-01-13,Active
INT-0299,Jordan,Yamamoto,Non-Binary,jordan.yamamoto299@internship.org,Undergraduate Student,Electrical Engineering,UI/UX & Product Design,2026-03-14,Graduated
INT-0300,Rania,Rossi,Non-Binary,rania.rossi300@internship.org,Undergraduate Student,Graphic & Interaction Design,Data Science & Artificial Intelligence,2025-04-05,Placed in Tech Role
INT-0301,Mei,Kaur,Female,mei.kaur301@internship.org,Career Switcher,Computer Engineering,Cloud Computing & DevOps,2026-02-19,Graduated
INT-0302,Samuel,Muller,Male,samuel.muller302@internship.org,Undergraduate Student,Business Information Systems,UI/UX & Product Design,2024-12-04,Active
INT-0303,Mohammed,Sato,Non-Binary,mohammed.sato303@internship.org,Undergraduate Student,Mathematics & Statistics,Cloud Computing & DevOps,2026-05-18,Placed in Tech Role
INT-0304,Benjamin,Johnson,Female,benjamin.johnson304@internship.org,Undergraduate Student,Software Engineering,Cloud Computing & DevOps,2026-01-23,Placed in Tech Role
INT-0305,Elena,Smith,Male,elena.smith305@internship.org,Undergraduate Student,Business Information Systems,Cloud Computing & DevOps,2026-02-23,Placed in Tech Role
INT-0306,Emily,Fernandez,Female,emily.fernandez306@internship.org,Master's Degree Student,Information Technology,Data Science & Artificial Intelligence,2025-10-18,Active
INT-0307,Daniel,Rodriguez,Female,daniel.rodriguez307@internship.org,Undergraduate Student,Mathematics & Statistics,Cloud Computing & DevOps,2024-11-18,Graduated
INT-0308,Rania,Tanaka,Female,rania.tanaka308@internship.org,Undergraduate Student,Business Information Systems,Data Science & Artificial Intelligence,2025-09-05,Active
INT-0309,Kai,Rossi,Female,kai.rossi309@internship.org,Bootcamp Graduate,Computer Engineering,Cloud Computing & DevOps,2024-10-16,Active
INT-0310,Zayd,Tanaka,Female,zayd.tanaka310@internship.org,Master's Degree Student,Information Technology,Mobile App Development,2024-09-29,Graduated
INT-0311,Zayd,Yamamoto,Female,zayd.yamamoto311@internship.org,Undergraduate Student,Data Science & Analytics,Web & Full-Stack Development,2025-07-06,On Leave
INT-0312,Valentina,Muller,Female,valentina.muller312@internship.org,Career Switcher,Computer Engineering,Web & Full-Stack Development,2025-11-16,Active
INT-0313,Noah,Diallo,Male,noah.diallo313@internship.org,Undergraduate Student,Business Information Systems,Mobile App Development,2024-12-14,Active
INT-0314,Yara,Nakamura,Male,yara.nakamura314@internship.org,Undergraduate Student,Software Engineering,Cloud Computing & DevOps,2025-08-23,Active
INT-0315,Priya,Ivanov,Non-Binary,priya.ivanov315@internship.org,Undergraduate Student,Electrical Engineering,Cloud Computing & DevOps,2026-04-12,Active
INT-0316,Carlos,Gupta,Non-Binary,carlos.gupta316@internship.org,Bootcamp Graduate,Mathematics & Statistics,Cybersecurity & Network Security,2024-11-07,Active
INT-0317,Isabella,Santos,Female,isabella.santos317@internship.org,Undergraduate Student,Data Science & Analytics,Cybersecurity & Network Security,2025-03-12,Active
INT-0318,Aarav,Ivanov,Male,aarav.ivanov318@internship.org,Undergraduate Student,Computer Engineering,Cloud Computing & DevOps,2026-03-16,Active
INT-0319,Mohammed,Al-Mansoor,Male,mohammed.almansoor319@internship.org,Master's Degree Student,Information Technology,Web & Full-Stack Development,2025-08-28,Active
INT-0320,Fatima,Gomez,Male,fatima.gomez320@internship.org,Master's Degree Student,Computer Engineering,UI/UX & Product Design,2025-04-18,Active
INT-0321,Hannah,Reyes,Female,hannah.reyes321@internship.org,Undergraduate Student,Data Science & Analytics,Cybersecurity & Network Security,2026-04-04,Active
INT-0322,Noah,Kumar,Male,noah.kumar322@internship.org,Master's Degree Student,Graphic & Interaction Design,Mobile App Development,2025-02-17,Graduated
INT-0323,Tariq,Ibrahim,Non-Binary,tariq.ibrahim323@internship.org,Bootcamp Graduate,Software Engineering,Mobile App Development,2026-03-01,Active
INT-0324,Hannah,Costa,Non-Binary,hannah.costa324@internship.org,Undergraduate Student,Business Information Systems,Mobile App Development,2025-10-22,Active
INT-0325,Benjamin,Gomez,Male,benjamin.gomez325@internship.org,Bootcamp Graduate,Graphic & Interaction Design,Web & Full-Stack Development,2026-03-11,Active
INT-0326,Nadia,Muller,Female,nadia.muller326@internship.org,Bootcamp Graduate,Graphic & Interaction Design,Web & Full-Stack Development,2025-10-04,Active
INT-0327,Jack,Miller,Non-Binary,jack.miller327@internship.org,Undergraduate Student,Graphic & Interaction Design,UI/UX & Product Design,2026-03-16,Graduated
INT-0328,Aditi,Lopez,Male,aditi.lopez328@internship.org,Bootcamp Graduate,Information Technology,Mobile App Development,2025-07-27,Active
INT-0329,Hassan,Schmidt,Female,hassan.schmidt329@internship.org,Master's Degree Student,Computer Science,Web & Full-Stack Development,2025-09-02,On Leave
INT-0330,Ahmed,Johnson,Male,ahmed.johnson330@internship.org,Undergraduate Student,Data Science & Analytics,UI/UX & Product Design,2026-01-15,Placed in Tech Role
INT-0331,Jack,Kumar,Male,jack.kumar331@internship.org,Undergraduate Student,Mathematics & Statistics,Cybersecurity & Network Security,2026-01-28,Active
INT-0332,Yuki,O'Connor,Female,yuki.oconnor332@internship.org,Master's Degree Student,Electrical Engineering,Web & Full-Stack Development,2025-10-23,Active
INT-0333,Isabella,Novak,Female,isabella.novak333@internship.org,Master's Degree Student,Information Technology,Web & Full-Stack Development,2025-04-20,Graduated
INT-0334,Jordan,Sato,Non-Binary,jordan.sato334@internship.org,Master's Degree Student,Business Information Systems,Cybersecurity & Network Security,2025-03-12,Graduated
INT-0335,Jordan,Kowalski,Female,jordan.kowalski335@internship.org,Undergraduate Student,Software Engineering,Web & Full-Stack Development,2025-07-23,Graduated
INT-0336,Olivia,Tanaka,Female,olivia.tanaka336@internship.org,Undergraduate Student,Software Engineering,Web & Full-Stack Development,2025-08-13,Active
INT-0337,Noah,Sato,Non-Binary,noah.sato337@internship.org,Bootcamp Graduate,Information Technology,UI/UX & Product Design,2025-08-07,Active
INT-0338,Daniel,O'Connor,Female,daniel.oconnor338@internship.org,Bootcamp Graduate,Computer Science,Data Science & Artificial Intelligence,2025-04-13,Active
INT-0339,Daniel,Tran,Non-Binary,daniel.tran339@internship.org,Master's Degree Student,Electrical Engineering,Data Science & Artificial Intelligence,2024-12-21,Active
INT-0340,Rahul,Novak,Female,rahul.novak340@internship.org,Undergraduate Student,Computer Engineering,Web & Full-Stack Development,2025-12-04,Active
INT-0341,Zainab,Smith,Female,zainab.smith341@internship.org,Master's Degree Student,Mathematics & Statistics,Mobile App Development,2025-05-26,Active
INT-0342,Priya,Santos,Male,priya.santos342@internship.org,Bootcamp Graduate,Electrical Engineering,UI/UX & Product Design,2024-12-25,Active
INT-0343,Fatima,Lee,Female,fatima.lee343@internship.org,Bootcamp Graduate,Graphic & Interaction Design,Data Science & Artificial Intelligence,2025-04-22,Graduated
INT-0344,Yara,Sharma,Female,yara.sharma344@internship.org,Bootcamp Graduate,Computer Science,Mobile App Development,2025-07-21,Active
INT-0345,Mei,Novak,Female,mei.novak345@internship.org,Undergraduate Student,Computer Engineering,Data Science & Artificial Intelligence,2024-11-01,Active
INT-0346,Zoey,Mendoza,Male,zoey.mendoza346@internship.org,Undergraduate Student,Information Technology,Web & Full-Stack Development,2026-02-06,Active
INT-0347,Noah,Rahman,Female,noah.rahman347@internship.org,Bootcamp Graduate,Information Technology,Mobile App Development,2025-11-09,Graduated
INT-0348,Chloe,Morales,Female,chloe.morales348@internship.org,Bootcamp Graduate,Electrical Engineering,Cloud Computing & DevOps,2024-09-12,Placed in Tech Role
INT-0349,Chloe,Zhang,Female,chloe.zhang349@internship.org,Career Switcher,Software Engineering,UI/UX & Product Design,2025-09-07,On Leave
INT-0350,Zayd,Ibrahim,Non-Binary,zayd.ibrahim350@internship.org,Master's Degree Student,Information Technology,Cybersecurity & Network Security,2025-11-03,Placed in Tech Role
INT-0351,Gabriel,Tanaka,Male,gabriel.tanaka351@internship.org,Undergraduate Student,Business Information Systems,UI/UX & Product Design,2025-03-23,Active
INT-0352,Hannah,Nakamura,Male,hannah.nakamura352@internship.org,Undergraduate Student,Graphic & Interaction Design,Cloud Computing & DevOps,2025-06-15,Placed in Tech Role
INT-0353,Gabriel,Mahmoud,Female,gabriel.mahmoud353@internship.org,Master's Degree Student,Information Technology,UI/UX & Product Design,2025-03-22,Active
INT-0354,Mei,Zhang,Non-Binary,mei.zhang354@internship.org,Master's Degree Student,Mathematics & Statistics,Cloud Computing & DevOps,2025-05-15,Active
INT-0355,Daniel,Lee,Non-Binary,daniel.lee355@internship.org,Bootcamp Graduate,Graphic & Interaction Design,Mobile App Development,2026-02-14,Active
INT-0356,Grace,Ivanov,Male,grace.ivanov356@internship.org,Career Switcher,Graphic & Interaction Design,Cybersecurity & Network Security,2026-05-11,Active
INT-0357,Hassan,Gomez,Female,hassan.gomez357@internship.org,Master's Degree Student,Graphic & Interaction Design,Data Science & Artificial Intelligence,2025-10-27,Placed in Tech Role
INT-0358,Priya,Chowdhury,Non-Binary,priya.chowdhury358@internship.org,Undergraduate Student,Software Engineering,UI/UX & Product Design,2024-09-05,Active
INT-0359,Jack,Fernandez,Non-Binary,jack.fernandez359@internship.org,Undergraduate Student,Data Science & Analytics,Web & Full-Stack Development,2025-08-21,Active
INT-0360,Hannah,Chowdhury,Non-Binary,hannah.chowdhury360@internship.org,Master's Degree Student,Graphic & Interaction Design,UI/UX & Product Design,2024-09-06,Active
INT-0361,Maya,Patel,Male,maya.patel361@internship.org,Undergraduate Student,Business Information Systems,UI/UX & Product Design,2025-04-11,Active
INT-0362,Aditi,Nakamura,Non-Binary,aditi.nakamura362@internship.org,Master's Degree Student,Data Science & Analytics,Web & Full-Stack Development,2025-10-13,Placed in Tech Role
INT-0363,Benjamin,Ibrahim,Female,benjamin.ibrahim363@internship.org,Master's Degree Student,Computer Engineering,Cloud Computing & DevOps,2025-07-06,Active
INT-0364,Amara,Kumar,Male,amara.kumar364@internship.org,Undergraduate Student,Information Technology,UI/UX & Product Design,2026-02-14,Active
INT-0365,Wei,Wang,Female,wei.wang365@internship.org,Master's Degree Student,Computer Science,Web & Full-Stack Development,2025-06-20,Active
INT-0366,Mei,Morales,Female,mei.morales366@internship.org,Master's Degree Student,Data Science & Analytics,Web & Full-Stack Development,2025-08-04,Active
INT-0367,Priya,Taylor,Male,priya.taylor367@internship.org,Master's Degree Student,Software Engineering,Mobile App Development,2025-02-26,Placed in Tech Role
INT-0368,Chloe,Wu,Non-Binary,chloe.wu368@internship.org,Bootcamp Graduate,Graphic & Interaction Design,Cloud Computing & DevOps,2024-10-28,Active
INT-0369,Rania,Zhang,Male,rania.zhang369@internship.org,Bootcamp Graduate,Computer Science,Data Science & Artificial Intelligence,2025-05-03,Placed in Tech Role
INT-0370,Aditi,Hassan,Non-Binary,aditi.hassan370@internship.org,Undergraduate Student,Mathematics & Statistics,Web & Full-Stack Development,2025-11-13,Active
INT-0371,David,Pereira,Male,david.pereira371@internship.org,Master's Degree Student,Business Information Systems,Cloud Computing & DevOps,2026-03-29,Active
INT-0372,Beatriz,Taylor,Non-Binary,beatriz.taylor372@internship.org,Master's Degree Student,Business Information Systems,UI/UX & Product Design,2024-10-12,Placed in Tech Role
INT-0373,Ananya,Martin,Female,ananya.martin373@internship.org,Bootcamp Graduate,Electrical Engineering,Mobile App Development,2025-12-07,Graduated
INT-0374,Isabella,Tanaka,Male,isabella.tanaka374@internship.org,Undergraduate Student,Computer Engineering,Cybersecurity & Network Security,2025-06-04,Active
INT-0375,Mei,Lee,Male,mei.lee375@internship.org,Undergraduate Student,Mathematics & Statistics,Web & Full-Stack Development,2025-04-18,Graduated
INT-0376,Victor,Ibrahim,Non-Binary,victor.ibrahim376@internship.org,Undergraduate Student,Computer Engineering,Data Science & Artificial Intelligence,2026-05-02,Active
INT-0377,Omar,Garcia,Non-Binary,omar.garcia377@internship.org,Undergraduate Student,Electrical Engineering,Web & Full-Stack Development,2025-04-28,Active
INT-0378,Javier,Kumar,Male,javier.kumar378@internship.org,Undergraduate Student,Software Engineering,Data Science & Artificial Intelligence,2025-11-07,Active
INT-0379,Mei,Nakamura,Male,mei.nakamura379@internship.org,Undergraduate Student,Software Engineering,Cloud Computing & DevOps,2025-12-08,Active
INT-0380,Noah,Taylor,Male,noah.taylor380@internship.org,Bootcamp Graduate,Computer Science,Cloud Computing & DevOps,2026-04-29,Active
INT-0381,Amara,Silva,Non-Binary,amara.silva381@internship.org,Career Switcher,Information Technology,Mobile App Development,2026-02-15,Active
INT-0382,Ibrahim,Gomez,Female,ibrahim.gomez382@internship.org,Undergraduate Student,Computer Engineering,Cybersecurity & Network Security,2025-01-08,Active
INT-0383,Jasmine,Jackson,Male,jasmine.jackson383@internship.org,Undergraduate Student,Software Engineering,Cloud Computing & DevOps,2025-03-11,Active
INT-0384,Sarah,Rodriguez,Male,sarah.rodriguez384@internship.org,Master's Degree Student,Information Technology,Cybersecurity & Network Security,2025-04-25,Active
INT-0385,Aarav,Lopez,Male,aarav.lopez385@internship.org,Bootcamp Graduate,Mathematics & Statistics,Cloud Computing & DevOps,2025-08-01,Active
INT-0386,Wei,Tran,Non-Binary,wei.tran386@internship.org,Career Switcher,Data Science & Analytics,Cloud Computing & DevOps,2026-02-23,Active
INT-0387,Carlos,Morales,Male,carlos.morales387@internship.org,Undergraduate Student,Mathematics & Statistics,Cloud Computing & DevOps,2026-02-22,Active
INT-0388,Omar,Muller,Non-Binary,omar.muller388@internship.org,Bootcamp Graduate,Electrical Engineering,Cybersecurity & Network Security,2026-05-04,Active
INT-0389,Isabella,Kumar,Female,isabella.kumar389@internship.org,Career Switcher,Information Technology,Mobile App Development,2025-01-18,On Leave
INT-0390,Rania,Tanaka,Non-Binary,rania.tanaka390@internship.org,Undergraduate Student,Graphic & Interaction Design,UI/UX & Product Design,2026-05-13,Active
INT-0391,Ethan,Vargas,Non-Binary,ethan.vargas391@internship.org,Undergraduate Student,Mathematics & Statistics,UI/UX & Product Design,2026-01-05,Active
INT-0392,Fatima,Ibrahim,Male,fatima.ibrahim392@internship.org,Master's Degree Student,Mathematics & Statistics,Cybersecurity & Network Security,2025-12-09,Active
INT-0393,Kai,Popov,Male,kai.popov393@internship.org,Master's Degree Student,Mathematics & Statistics,Mobile App Development,2025-06-07,Active
INT-0394,Samira,Wu,Non-Binary,samira.wu394@internship.org,Master's Degree Student,Software Engineering,Web & Full-Stack Development,2026-01-24,Graduated
INT-0395,Rahul,Kowalski,Female,rahul.kowalski395@internship.org,Master's Degree Student,Computer Science,Mobile App Development,2026-02-09,On Leave
INT-0396,Priya,Lopez,Male,priya.lopez396@internship.org,Career Switcher,Mathematics & Statistics,Web & Full-Stack Development,2025-03-20,Active
INT-0397,Daniel,Nakamura,Non-Binary,daniel.nakamura397@internship.org,Master's Degree Student,Information Technology,Cybersecurity & Network Security,2025-08-26,Active
INT-0398,Thomas,Sato,Non-Binary,thomas.sato398@internship.org,Master's Degree Student,Data Science & Analytics,Cloud Computing & DevOps,2025-09-10,On Leave
INT-0399,Ananya,Johnson,Male,ananya.johnson399@internship.org,Career Switcher,Software Engineering,Web & Full-Stack Development,2026-03-22,Graduated
INT-0400,Benjamin,Kowalski,Male,benjamin.kowalski400@internship.org,Undergraduate Student,Information Technology,Mobile App Development,2025-09-05,Active
INT-0401,Ananya,Mendoza,Non-Binary,ananya.mendoza401@internship.org,Master's Degree Student,Electrical Engineering,Web & Full-Stack Development,2026-05-23,Active
INT-0402,Samuel,Dubois,Female,samuel.dubois402@internship.org,Bootcamp Graduate,Software Engineering,UI/UX & Product Design,2026-03-30,Graduated
INT-0403,David,Novak,Female,david.novak403@internship.org,Master's Degree Student,Electrical Engineering,Mobile App Development,2025-08-25,Active
INT-0404,Daniel,Torres,Male,daniel.torres404@internship.org,Master's Degree Student,Data Science & Analytics,UI/UX & Product Design,2025-07-05,Active
INT-0405,Aditi,Smith,Non-Binary,aditi.smith405@internship.org,Bootcamp Graduate,Graphic & Interaction Design,Mobile App Development,2024-09-04,Active
INT-0406,Samuel,Hassan,Female,samuel.hassan406@internship.org,Undergraduate Student,Software Engineering,Mobile App Development,2025-10-23,Active
INT-0407,Brenda,Kumar,Male,brenda.kumar407@internship.org,Undergraduate Student,Software Engineering,Cloud Computing & DevOps,2025-09-16,Active
INT-0408,Lucas,Rodriguez,Male,lucas.rodriguez408@internship.org,Master's Degree Student,Mathematics & Statistics,Mobile App Development,2025-06-01,Active
INT-0409,Yara,Miller,Non-Binary,yara.miller409@internship.org,Undergraduate Student,Computer Engineering,Mobile App Development,2026-02-05,Active
INT-0410,Beatriz,Khan,Female,beatriz.khan410@internship.org,Undergraduate Student,Software Engineering,Data Science & Artificial Intelligence,2024-12-19,Active
INT-0411,Liam,Lee,Male,liam.lee411@internship.org,Master's Degree Student,Mathematics & Statistics,Cybersecurity & Network Security,2026-01-07,Active
INT-0412,Maya,Schmidt,Non-Binary,maya.schmidt412@internship.org,Career Switcher,Data Science & Analytics,Mobile App Development,2025-04-13,Active
INT-0413,Beatriz,Gupta,Male,beatriz.gupta413@internship.org,Bootcamp Graduate,Computer Science,Cloud Computing & DevOps,2025-09-12,Placed in Tech Role
INT-0414,Beatriz,Hansen,Male,beatriz.hansen414@internship.org,Career Switcher,Business Information Systems,UI/UX & Product Design,2026-02-14,Active
INT-0415,Kavya,Mahmoud,Non-Binary,kavya.mahmoud415@internship.org,Bootcamp Graduate,Graphic & Interaction Design,Data Science & Artificial Intelligence,2024-09-24,Active
INT-0416,Valentina,Suzuki,Female,valentina.suzuki416@internship.org,Undergraduate Student,Computer Engineering,Data Science & Artificial Intelligence,2025-01-09,Active
INT-0417,Thomas,Miller,Non-Binary,thomas.miller417@internship.org,Master's Degree Student,Graphic & Interaction Design,Mobile App Development,2025-11-19,Active
INT-0418,Andreas,Jackson,Non-Binary,andreas.jackson418@internship.org,Bootcamp Graduate,Electrical Engineering,Mobile App Development,2024-10-03,Graduated
INT-0419,Tariq,Silva,Male,tariq.silva419@internship.org,Master's Degree Student,Mathematics & Statistics,Web & Full-Stack Development,2026-01-21,Graduated
INT-0420,Tariq,Ibrahim,Male,tariq.ibrahim420@internship.org,Bootcamp Graduate,Computer Science,Cybersecurity & Network Security,2026-05-28,Active
INT-0421,Amara,Mendoza,Female,amara.mendoza421@internship.org,Bootcamp Graduate,Information Technology,Data Science & Artificial Intelligence,2025-12-01,Graduated
INT-0422,Samira,Kowalski,Non-Binary,samira.kowalski422@internship.org,Master's Degree Student,Mathematics & Statistics,Data Science & Artificial Intelligence,2026-05-03,Active
INT-0423,Chloe,Tran,Female,chloe.tran423@internship.org,Bootcamp Graduate,Electrical Engineering,Mobile App Development,2025-10-24,Active
INT-0424,Bilal,Khan,Non-Binary,bilal.khan424@internship.org,Undergraduate Student,Computer Engineering,Mobile App Development,2026-02-10,On Leave
INT-0425,Wei,Diallo,Female,wei.diallo425@internship.org,Career Switcher,Mathematics & Statistics,Web & Full-Stack Development,2026-01-23,On Leave
INT-0426,Beatriz,Schmidt,Female,beatriz.schmidt426@internship.org,Undergraduate Student,Electrical Engineering,Data Science & Artificial Intelligence,2026-02-08,Graduated
INT-0427,Isabella,Muller,Female,isabella.muller427@internship.org,Master's Degree Student,Computer Engineering,UI/UX & Product Design,2025-08-18,Active
INT-0428,Ali,Rodriguez,Female,ali.rodriguez428@internship.org,Undergraduate Student,Computer Engineering,UI/UX & Product Design,2025-06-14,Placed in Tech Role
INT-0429,Jordan,Muller,Male,jordan.muller429@internship.org,Master's Degree Student,Software Engineering,UI/UX & Product Design,2026-01-07,Placed in Tech Role
INT-0430,Rahul,Schmidt,Male,rahul.schmidt430@internship.org,Bootcamp Graduate,Business Information Systems,Cybersecurity & Network Security,2025-07-31,Active
INT-0431,Wei,Hassan,Male,wei.hassan431@internship.org,Undergraduate Student,Computer Engineering,Cloud Computing & DevOps,2024-12-11,Active
INT-0432,Mohammed,Wang,Male,mohammed.wang432@internship.org,Bootcamp Graduate,Computer Science,Web & Full-Stack Development,2026-05-02,Active
INT-0433,William,Miller,Female,william.miller433@internship.org,Undergraduate Student,Data Science & Analytics,Cybersecurity & Network Security,2025-07-30,Active
INT-0434,Carlos,Schmidt,Female,carlos.schmidt434@internship.org,Bootcamp Graduate,Computer Engineering,Data Science & Artificial Intelligence,2025-04-01,Graduated
INT-0435,Amara,Rossi,Male,amara.rossi435@internship.org,Undergraduate Student,Electrical Engineering,UI/UX & Product Design,2025-01-07,Placed in Tech Role
INT-0436,Alex,Lopez,Non-Binary,alex.lopez436@internship.org,Undergraduate Student,Information Technology,Cybersecurity & Network Security,2026-03-01,Active
INT-0437,Ananya,Al-Mansoor,Female,ananya.almansoor437@internship.org,Undergraduate Student,Data Science & Analytics,Mobile App Development,2026-02-11,Active
INT-0438,Javier,Al-Mansoor,Female,javier.almansoor438@internship.org,Master's Degree Student,Software Engineering,Cybersecurity & Network Security,2025-09-07,Active
INT-0439,Ali,Hernandez,Male,ali.hernandez439@internship.org,Undergraduate Student,Software Engineering,Web & Full-Stack Development,2025-04-21,Active
INT-0440,Beatriz,Lee,Female,beatriz.lee440@internship.org,Master's Degree Student,Data Science & Analytics,Web & Full-Stack Development,2024-09-07,Active
INT-0441,Olivia,Rossi,Female,olivia.rossi441@internship.org,Undergraduate Student,Information Technology,UI/UX & Product Design,2025-07-17,Graduated
INT-0442,Olivia,Sato,Male,olivia.sato442@internship.org,Bootcamp Graduate,Software Engineering,Web & Full-Stack Development,2024-12-05,Active
INT-0443,Nadia,Silva,Male,nadia.silva443@internship.org,Undergraduate Student,Mathematics & Statistics,Cloud Computing & DevOps,2025-03-12,Graduated
INT-0444,Emily,Rossi,Female,emily.rossi444@internship.org,Undergraduate Student,Computer Engineering,UI/UX & Product Design,2026-01-25,Active
INT-0445,Zainab,Kaur,Female,zainab.kaur445@internship.org,Master's Degree Student,Business Information Systems,Data Science & Artificial Intelligence,2025-04-18,Graduated
INT-0446,Priya,Chowdhury,Female,priya.chowdhury446@internship.org,Undergraduate Student,Software Engineering,Data Science & Artificial Intelligence,2025-12-06,Active
INT-0447,Ali,Novak,Female,ali.novak447@internship.org,Career Switcher,Electrical Engineering,Data Science & Artificial Intelligence,2025-11-16,Active
INT-0448,Jack,Kumar,Non-Binary,jack.kumar448@internship.org,Master's Degree Student,Graphic & Interaction Design,Web & Full-Stack Development,2024-10-23,Active
INT-0449,Aarav,Ivanov,Female,aarav.ivanov449@internship.org,Undergraduate Student,Computer Science,Cybersecurity & Network Security,2026-01-02,Active
INT-0450,Samuel,Nakamura,Male,samuel.nakamura450@internship.org,Undergraduate Student,Mathematics & Statistics,Web & Full-Stack Development,2025-10-23,Active
INT-0451,Olivia,Garcia,Male,olivia.garcia451@internship.org,Undergraduate Student,Software Engineering,Mobile App Development,2026-05-21,Placed in Tech Role
INT-0452,Benjamin,O'Connor,Male,benjamin.oconnor452@internship.org,Undergraduate Student,Software Engineering,Cloud Computing & DevOps,2026-03-21,Active
INT-0453,Yara,Ibrahim,Female,yara.ibrahim453@internship.org,Undergraduate Student,Mathematics & Statistics,Web & Full-Stack Development,2025-12-17,Active
INT-0454,Alex,Kaur,Non-Binary,alex.kaur454@internship.org,Master's Degree Student,Data Science & Analytics,Web & Full-Stack Development,2024-12-16,Active
INT-0455,Samira,Al-Mansoor,Female,samira.almansoor455@internship.org,Undergraduate Student,Electrical Engineering,Mobile App Development,2026-03-14,Active
INT-0456,Elena,Gomez,Male,elena.gomez456@internship.org,Undergraduate Student,Computer Engineering,UI/UX & Product Design,2026-04-23,Graduated
INT-0457,Zara,Anderson,Male,zara.anderson457@internship.org,Bootcamp Graduate,Computer Engineering,Mobile App Development,2026-03-08,Active
INT-0458,Mohammed,Rodriguez,Female,mohammed.rodriguez458@internship.org,Undergraduate Student,Business Information Systems,Cloud Computing & DevOps,2025-11-15,Active
INT-0459,Bilal,Kumar,Female,bilal.kumar459@internship.org,Undergraduate Student,Software Engineering,Mobile App Development,2024-11-29,Active
INT-0460,Daniel,Smith,Non-Binary,daniel.smith460@internship.org,Undergraduate Student,Computer Science,Data Science & Artificial Intelligence,2025-06-10,Active
INT-0461,Ibrahim,Yamamoto,Female,ibrahim.yamamoto461@internship.org,Undergraduate Student,Computer Science,Mobile App Development,2026-03-09,Graduated
INT-0462,Sophia,Rossi,Male,sophia.rossi462@internship.org,Undergraduate Student,Information Technology,Cybersecurity & Network Security,2025-05-07,Placed in Tech Role
INT-0463,Emily,Tran,Female,emily.tran463@internship.org,Master's Degree Student,Software Engineering,Mobile App Development,2024-10-11,Active
INT-0464,Brenda,Hernandez,Non-Binary,brenda.hernandez464@internship.org,Career Switcher,Mathematics & Statistics,Web & Full-Stack Development,2025-04-08,Graduated
INT-0465,Thomas,Wang,Male,thomas.wang465@internship.org,Undergraduate Student,Business Information Systems,Cybersecurity & Network Security,2025-02-03,Active
INT-0466,Ethan,Pereira,Male,ethan.pereira466@internship.org,Master's Degree Student,Information Technology,Cybersecurity & Network Security,2025-09-19,Active
INT-0467,Thomas,Tanaka,Female,thomas.tanaka467@internship.org,Master's Degree Student,Business Information Systems,Data Science & Artificial Intelligence,2025-07-16,Active
INT-0468,Aditi,Hernandez,Non-Binary,aditi.hernandez468@internship.org,Undergraduate Student,Computer Science,Cloud Computing & DevOps,2026-01-24,Active
INT-0469,Ibrahim,Wang,Non-Binary,ibrahim.wang469@internship.org,Master's Degree Student,Software Engineering,Data Science & Artificial Intelligence,2025-03-04,Active
INT-0470,Jack,Muller,Female,jack.muller470@internship.org,Career Switcher,Data Science & Analytics,UI/UX & Product Design,2024-10-05,Active
INT-0471,Zayd,Hernandez,Non-Binary,zayd.hernandez471@internship.org,Undergraduate Student,Electrical Engineering,Cybersecurity & Network Security,2024-11-05,Placed in Tech Role
INT-0472,Nadia,Diallo,Non-Binary,nadia.diallo472@internship.org,Undergraduate Student,Mathematics & Statistics,Web & Full-Stack Development,2024-10-19,Active
INT-0473,Jasmine,Santos,Female,jasmine.santos473@internship.org,Undergraduate Student,Computer Engineering,Cloud Computing & DevOps,2025-07-03,Placed in Tech Role
INT-0474,Samira,Vargas,Non-Binary,samira.vargas474@internship.org,Undergraduate Student,Graphic & Interaction Design,Cloud Computing & DevOps,2025-02-05,Active
INT-0475,Beatriz,Tanaka,Non-Binary,beatriz.tanaka475@internship.org,Undergraduate Student,Software Engineering,Data Science & Artificial Intelligence,2025-05-02,Active
INT-0476,Jack,Dubois,Non-Binary,jack.dubois476@internship.org,Undergraduate Student,Information Technology,Cybersecurity & Network Security,2025-03-25,Active
INT-0477,Yara,Dubois,Female,yara.dubois477@internship.org,Undergraduate Student,Computer Engineering,UI/UX & Product Design,2024-10-02,Active
INT-0478,Chloe,Vargas,Male,chloe.vargas478@internship.org,Undergraduate Student,Information Technology,Cloud Computing & DevOps,2024-10-09,Active
INT-0479,Rania,Kaur,Male,rania.kaur479@internship.org,Bootcamp Graduate,Data Science & Analytics,Web & Full-Stack Development,2025-08-18,Placed in Tech Role
INT-0480,Mei,Smith,Non-Binary,mei.smith480@internship.org,Undergraduate Student,Graphic & Interaction Design,Web & Full-Stack Development,2024-12-18,Graduated
INT-0481,Andreas,Al-Mansoor,Female,andreas.almansoor481@internship.org,Bootcamp Graduate,Information Technology,Data Science & Artificial Intelligence,2025-07-09,Active
INT-0482,Hannah,Sato,Non-Binary,hannah.sato482@internship.org,Career Switcher,Software Engineering,Mobile App Development,2026-05-25,Active
INT-0483,Ali,Anderson,Female,ali.anderson483@internship.org,Undergraduate Student,Graphic & Interaction Design,Data Science & Artificial Intelligence,2026-05-22,Active
INT-0484,Grace,Dubois,Female,grace.dubois484@internship.org,Career Switcher,Computer Science,Data Science & Artificial Intelligence,2025-08-03,Placed in Tech Role
INT-0485,Wei,Silva,Male,wei.silva485@internship.org,Undergraduate Student,Mathematics & Statistics,UI/UX & Product Design,2025-06-02,Active
INT-0486,Chloe,Yamamoto,Female,chloe.yamamoto486@internship.org,Undergraduate Student,Graphic & Interaction Design,Data Science & Artificial Intelligence,2025-12-25,Active
INT-0487,Olivia,Ibrahim,Non-Binary,olivia.ibrahim487@internship.org,Undergraduate Student,Mathematics & Statistics,Mobile App Development,2024-11-08,Active
INT-0488,Emily,Lee,Female,emily.lee488@internship.org,Undergraduate Student,Business Information Systems,Data Science & Artificial Intelligence,2026-05-17,Active
INT-0489,Maya,Taylor,Female,maya.taylor489@internship.org,Career Switcher,Electrical Engineering,Cybersecurity & Network Security,2025-09-12,Active
INT-0490,Hassan,Yamamoto,Non-Binary,hassan.yamamoto490@internship.org,Master's Degree Student,Mathematics & Statistics,Cloud Computing & DevOps,2025-05-06,Active
INT-0491,Noah,Hernandez,Female,noah.hernandez491@internship.org,Bootcamp Graduate,Computer Engineering,Web & Full-Stack Development,2025-09-02,Graduated
INT-0492,Lucas,Kowalski,Non-Binary,lucas.kowalski492@internship.org,Career Switcher,Data Science & Analytics,Web & Full-Stack Development,2025-03-07,Active
INT-0493,Emily,O'Connor,Non-Binary,emily.oconnor493@internship.org,Undergraduate Student,Information Technology,Mobile App Development,2026-05-13,Graduated
INT-0494,Ibrahim,Kowalski,Female,ibrahim.kowalski494@internship.org,Undergraduate Student,Electrical Engineering,UI/UX & Product Design,2025-12-04,Active
INT-0495,Aditi,Sharma,Non-Binary,aditi.sharma495@internship.org,Undergraduate Student,Data Science & Analytics,Mobile App Development,2026-05-23,Placed in Tech Role
INT-0496,Zainab,Muller,Non-Binary,zainab.muller496@internship.org,Undergraduate Student,Graphic & Interaction Design,Web & Full-Stack Development,2025-02-28,Active
INT-0497,Noah,Hernandez,Female,noah.hernandez497@internship.org,Master's Degree Student,Computer Science,Cloud Computing & DevOps,2025-02-04,Placed in Tech Role
INT-0498,Victor,Fernandez,Male,victor.fernandez498@internship.org,Master's Degree Student,Electrical Engineering,Web & Full-Stack Development,2025-11-30,Active
INT-0499,Samuel,Yamamoto,Female,samuel.yamamoto499@internship.org,Bootcamp Graduate,Business Information Systems,Cloud Computing & DevOps,2025-06-18,Placed in Tech Role
INT-0500,Samuel,Santos,Male,samuel.santos500@internship.org,Master's Degree Student,Electrical Engineering,Cloud Computing & DevOps,2025-01-01,Active
INT-0501,Sarah,Martin,Non-Binary,sarah.martin501@internship.org,Career Switcher,Electrical Engineering,Data Science & Artificial Intelligence,2025-11-11,Graduated
INT-0502,Samira,Wilson,Non-Binary,samira.wilson502@internship.org,Bootcamp Graduate,Information Technology,UI/UX & Product Design,2025-01-15,Active
INT-0503,Ibrahim,Kaur,Non-Binary,ibrahim.kaur503@internship.org,Master's Degree Student,Data Science & Analytics,Data Science & Artificial Intelligence,2026-02-28,Graduated
INT-0504,Mohammed,Lopez,Non-Binary,mohammed.lopez504@internship.org,Undergraduate Student,Electrical Engineering,Mobile App Development,2025-11-14,Active
INT-0505,Ananya,Zhang,Male,ananya.zhang505@internship.org,Undergraduate Student,Software Engineering,Data Science & Artificial Intelligence,2025-05-07,Active
INT-0506,Bilal,Rodriguez,Female,bilal.rodriguez506@internship.org,Bootcamp Graduate,Electrical Engineering,Cybersecurity & Network Security,2025-02-10,Active
INT-0507,David,Schmidt,Female,david.schmidt507@internship.org,Undergraduate Student,Software Engineering,UI/UX & Product Design,2025-06-27,Active
INT-0508,Javier,Silva,Male,javier.silva508@internship.org,Career Switcher,Mathematics & Statistics,Cybersecurity & Network Security,2025-05-31,Graduated
INT-0509,Maya,Lee,Female,maya.lee509@internship.org,Bootcamp Graduate,Information Technology,Data Science & Artificial Intelligence,2026-05-14,Active
INT-0510,Yara,Chen,Male,yara.chen510@internship.org,Undergraduate Student,Computer Engineering,Web & Full-Stack Development,2025-01-11,Active
INT-0511,Zainab,Lee,Female,zainab.lee511@internship.org,Master's Degree Student,Business Information Systems,Web & Full-Stack Development,2025-12-21,Active
INT-0512,Zara,Morales,Non-Binary,zara.morales512@internship.org,Undergraduate Student,Data Science & Analytics,Mobile App Development,2025-01-01,Graduated
INT-0513,Alex,Diallo,Male,alex.diallo513@internship.org,Undergraduate Student,Information Technology,Cybersecurity & Network Security,2026-03-15,Active
INT-0514,Zoey,Silva,Non-Binary,zoey.silva514@internship.org,Undergraduate Student,Computer Engineering,Cloud Computing & DevOps,2024-10-09,Active
INT-0515,Isabella,Pereira,Non-Binary,isabella.pereira515@internship.org,Bootcamp Graduate,Data Science & Analytics,Web & Full-Stack Development,2025-07-30,Active
INT-0516,Amara,Johnson,Non-Binary,amara.johnson516@internship.org,Master's Degree Student,Graphic & Interaction Design,Data Science & Artificial Intelligence,2025-02-08,Active
INT-0517,Bilal,Rodriguez,Male,bilal.rodriguez517@internship.org,Career Switcher,Graphic & Interaction Design,Web & Full-Stack Development,2025-07-06,Active
INT-0518,Kai,Muller,Non-Binary,kai.muller518@internship.org,Undergraduate Student,Business Information Systems,Cybersecurity & Network Security,2025-06-24,Active
INT-0519,Hannah,Gupta,Male,hannah.gupta519@internship.org,Undergraduate Student,Graphic & Interaction Design,Cybersecurity & Network Security,2025-03-28,Active
INT-0520,Mohammed,Chowdhury,Female,mohammed.chowdhury520@internship.org,Bootcamp Graduate,Software Engineering,Web & Full-Stack Development,2026-05-21,Active
INT-0521,Maya,Mahmoud,Non-Binary,maya.mahmoud521@internship.org,Undergraduate Student,Computer Science,Cybersecurity & Network Security,2025-07-23,Graduated
INT-0522,Maya,Sato,Male,maya.sato522@internship.org,Master's Degree Student,Information Technology,Cybersecurity & Network Security,2025-07-04,Active
INT-0523,Zara,Wang,Non-Binary,zara.wang523@internship.org,Undergraduate Student,Business Information Systems,Mobile App Development,2025-12-26,Active
INT-0524,Benjamin,Dubois,Male,benjamin.dubois524@internship.org,Undergraduate Student,Data Science & Analytics,Data Science & Artificial Intelligence,2024-12-08,Graduated
INT-0525,Ahmed,Martin,Female,ahmed.martin525@internship.org,Career Switcher,Mathematics & Statistics,Data Science & Artificial Intelligence,2026-01-01,On Leave
INT-0526,Benjamin,Vargas,Non-Binary,benjamin.vargas526@internship.org,Undergraduate Student,Software Engineering,Web & Full-Stack Development,2025-07-06,Active
INT-0527,Mei,Khan,Male,mei.khan527@internship.org,Master's Degree Student,Computer Science,UI/UX & Product Design,2025-10-11,Active
INT-0528,Valentina,Mahmoud,Female,valentina.mahmoud528@internship.org,Undergraduate Student,Data Science & Analytics,Mobile App Development,2026-04-13,Active
INT-0529,Ananya,Zhang,Female,ananya.zhang529@internship.org,Master's Degree Student,Software Engineering,Cloud Computing & DevOps,2025-05-26,Graduated
INT-0530,Zainab,Mahmoud,Male,zainab.mahmoud530@internship.org,Undergraduate Student,Graphic & Interaction Design,Mobile App Development,2024-09-30,Active
INT-0531,Brenda,Jackson,Male,brenda.jackson531@internship.org,Undergraduate Student,Mathematics & Statistics,Web & Full-Stack Development,2025-05-16,Active
INT-0532,Samira,Ibrahim,Female,samira.ibrahim532@internship.org,Master's Degree Student,Computer Engineering,Cloud Computing & DevOps,2026-05-28,Active
INT-0533,Valentina,Kaur,Male,valentina.kaur533@internship.org,Undergraduate Student,Graphic & Interaction Design,UI/UX & Product Design,2025-02-25,Active
INT-0534,Beatriz,Kaur,Non-Binary,beatriz.kaur534@internship.org,Undergraduate Student,Electrical Engineering,Cloud Computing & DevOps,2025-12-14,Graduated
INT-0535,Priya,Das,Female,priya.das535@internship.org,Undergraduate Student,Mathematics & Statistics,UI/UX & Product Design,2025-10-07,Active
INT-0536,Yuki,Kumar,Female,yuki.kumar536@internship.org,Master's Degree Student,Data Science & Analytics,Web & Full-Stack Development,2025-09-29,Active
INT-0537,Isabella,Fernandez,Non-Binary,isabella.fernandez537@internship.org,Bootcamp Graduate,Computer Science,Data Science & Artificial Intelligence,2025-02-03,Active
INT-0538,William,Chowdhury,Female,william.chowdhury538@internship.org,Undergraduate Student,Computer Science,Cloud Computing & DevOps,2025-04-01,Graduated
INT-0539,Hannah,Tran,Male,hannah.tran539@internship.org,Master's Degree Student,Software Engineering,UI/UX & Product Design,2025-06-17,Active
INT-0540,Kavya,Rahman,Male,kavya.rahman540@internship.org,Undergraduate Student,Graphic & Interaction Design,Mobile App Development,2025-05-26,Active
INT-0541,Bilal,Vargas,Male,bilal.vargas541@internship.org,Master's Degree Student,Software Engineering,Cloud Computing & DevOps,2024-10-09,Active
INT-0542,Bilal,Wang,Non-Binary,bilal.wang542@internship.org,Bootcamp Graduate,Information Technology,Data Science & Artificial Intelligence,2026-02-09,Active
INT-0543,Chloe,Jackson,Non-Binary,chloe.jackson543@internship.org,Undergraduate Student,Computer Science,UI/UX & Product Design,2024-12-12,Active
INT-0544,Priya,Gupta,Non-Binary,priya.gupta544@internship.org,Bootcamp Graduate,Information Technology,Cloud Computing & DevOps,2025-04-26,Active
INT-0545,Samuel,Sharma,Non-Binary,samuel.sharma545@internship.org,Undergraduate Student,Mathematics & Statistics,Cloud Computing & DevOps,2025-02-17,Active
INT-0546,Jordan,Kaur,Non-Binary,jordan.kaur546@internship.org,Master's Degree Student,Mathematics & Statistics,Mobile App Development,2025-10-03,Active
INT-0547,Rahul,Vargas,Male,rahul.vargas547@internship.org,Master's Degree Student,Computer Engineering,Cloud Computing & DevOps,2025-09-10,Active
INT-0548,Ali,Kim,Male,ali.kim548@internship.org,Master's Degree Student,Computer Engineering,Cloud Computing & DevOps,2026-01-20,Active
INT-0549,Fatima,Hansen,Female,fatima.hansen549@internship.org,Master's Degree Student,Information Technology,Web & Full-Stack Development,2026-05-17,Graduated
INT-0550,Victor,Rahman,Male,victor.rahman550@internship.org,Master's Degree Student,Data Science & Analytics,UI/UX & Product Design,2025-09-22,Active
INT-0551,Ethan,Ivanov,Male,ethan.ivanov551@internship.org,Undergraduate Student,Computer Science,Mobile App Development,2025-11-19,Graduated
INT-0552,Wei,Hansen,Male,wei.hansen552@internship.org,Master's Degree Student,Information Technology,UI/UX & Product Design,2026-05-03,Active
INT-0553,Kai,Yamamoto,Non-Binary,kai.yamamoto553@internship.org,Undergraduate Student,Computer Engineering,Data Science & Artificial Intelligence,2025-11-08,Graduated
INT-0554,Brenda,Johnson,Female,brenda.johnson554@internship.org,Undergraduate Student,Computer Engineering,UI/UX & Product Design,2026-04-16,Graduated
INT-0555,Zayd,Gupta,Non-Binary,zayd.gupta555@internship.org,Bootcamp Graduate,Software Engineering,Data Science & Artificial Intelligence,2026-04-02,Active
INT-0556,Yuki,Kaur,Male,yuki.kaur556@internship.org,Bootcamp Graduate,Electrical Engineering,Cloud Computing & DevOps,2025-04-17,Active
INT-0557,Jordan,Wang,Female,jordan.wang557@internship.org,Undergraduate Student,Software Engineering,Cybersecurity & Network Security,2025-09-24,Graduated
INT-0558,Andreas,Williams,Non-Binary,andreas.williams558@internship.org,Undergraduate Student,Computer Engineering,Cybersecurity & Network Security,2024-12-27,Active
INT-0559,Beatriz,Hansen,Male,beatriz.hansen559@internship.org,Undergraduate Student,Graphic & Interaction Design,Data Science & Artificial Intelligence,2026-03-10,Active
INT-0560,Brenda,Tanaka,Female,brenda.tanaka560@internship.org,Undergraduate Student,Data Science & Analytics,Cloud Computing & DevOps,2024-09-04,Active
INT-0561,Javier,Jackson,Female,javier.jackson561@internship.org,Bootcamp Graduate,Data Science & Analytics,Mobile App Development,2025-09-16,Graduated
INT-0562,Valentina,Suzuki,Female,valentina.suzuki562@internship.org,Undergraduate Student,Mathematics & Statistics,UI/UX & Product Design,2025-07-31,Active
INT-0563,Kai,Lee,Female,kai.lee563@internship.org,Undergraduate Student,Information Technology,UI/UX & Product Design,2024-09-11,Active
INT-0564,Zara,Khan,Non-Binary,zara.khan564@internship.org,Undergraduate Student,Computer Science,UI/UX & Product Design,2025-02-23,Graduated
INT-0565,Samira,Wilson,Male,samira.wilson565@internship.org,Undergraduate Student,Software Engineering,Cybersecurity & Network Security,2025-04-26,Active
INT-0566,Bilal,Costa,Female,bilal.costa566@internship.org,Undergraduate Student,Computer Engineering,Cybersecurity & Network Security,2025-12-08,Graduated
INT-0567,Lucas,Kim,Male,lucas.kim567@internship.org,Bootcamp Graduate,Data Science & Analytics,Cloud Computing & DevOps,2025-09-16,On Leave
INT-0568,Hassan,Suzuki,Female,hassan.suzuki568@internship.org,Undergraduate Student,Mathematics & Statistics,Web & Full-Stack Development,2026-03-19,Active
INT-0569,Beatriz,Hassan,Non-Binary,beatriz.hassan569@internship.org,Undergraduate Student,Business Information Systems,Data Science & Artificial Intelligence,2026-03-07,Active
INT-0570,Priya,Taylor,Female,priya.taylor570@internship.org,Undergraduate Student,Computer Engineering,Mobile App Development,2025-12-06,Active
INT-0571,Alex,Santos,Female,alex.santos571@internship.org,Master's Degree Student,Computer Science,Web & Full-Stack Development,2025-07-21,Active
INT-0572,Javier,Lee,Female,javier.lee572@internship.org,Master's Degree Student,Graphic & Interaction Design,UI/UX & Product Design,2026-02-22,Active
INT-0573,Rania,Rodriguez,Female,rania.rodriguez573@internship.org,Undergraduate Student,Software Engineering,UI/UX & Product Design,2025-12-28,Active
INT-0574,Noah,Schmidt,Female,noah.schmidt574@internship.org,Undergraduate Student,Software Engineering,Mobile App Development,2024-12-01,Graduated
INT-0575,Ethan,Dubois,Female,ethan.dubois575@internship.org,Undergraduate Student,Information Technology,Cloud Computing & DevOps,2025-02-04,Graduated
INT-0576,Hassan,Sharma,Male,hassan.sharma576@internship.org,Undergraduate Student,Computer Science,Mobile App Development,2025-02-09,Active
INT-0577,Samira,Zhang,Male,samira.zhang577@internship.org,Undergraduate Student,Computer Science,Web & Full-Stack Development,2024-11-25,Active
INT-0578,William,Pereira,Non-Binary,william.pereira578@internship.org,Undergraduate Student,Software Engineering,Mobile App Development,2026-03-17,Active
INT-0579,Ananya,Wu,Male,ananya.wu579@internship.org,Master's Degree Student,Graphic & Interaction Design,Cloud Computing & DevOps,2024-10-09,Active
INT-0580,Ananya,Tran,Female,ananya.tran580@internship.org,Bootcamp Graduate,Computer Engineering,Cloud Computing & DevOps,2025-05-01,Graduated
INT-0581,Jasmine,Smith,Female,jasmine.smith581@internship.org,Undergraduate Student,Computer Science,Web & Full-Stack Development,2026-01-29,Graduated
INT-0582,Priya,Gomez,Male,priya.gomez582@internship.org,Undergraduate Student,Graphic & Interaction Design,Mobile App Development,2026-03-24,Active
INT-0583,Amara,Kumar,Male,amara.kumar583@internship.org,Undergraduate Student,Mathematics & Statistics,Cybersecurity & Network Security,2025-03-31,Placed in Tech Role
INT-0584,William,Lee,Non-Binary,william.lee584@internship.org,Bootcamp Graduate,Mathematics & Statistics,UI/UX & Product Design,2025-01-08,Graduated
INT-0585,Andreas,Fernandez,Non-Binary,andreas.fernandez585@internship.org,Master's Degree Student,Data Science & Analytics,Web & Full-Stack Development,2025-12-03,Active
INT-0586,Kai,Torres,Non-Binary,kai.torres586@internship.org,Master's Degree Student,Data Science & Analytics,Mobile App Development,2025-06-06,Active
INT-0587,Olivia,Anderson,Non-Binary,olivia.anderson587@internship.org,Bootcamp Graduate,Data Science & Analytics,Cybersecurity & Network Security,2024-11-27,Placed in Tech Role
INT-0588,Zainab,Mahmoud,Male,zainab.mahmoud588@internship.org,Undergraduate Student,Computer Engineering,UI/UX & Product Design,2026-03-02,Active
INT-0589,Yuki,Sato,Non-Binary,yuki.sato589@internship.org,Bootcamp Graduate,Information Technology,UI/UX & Product Design,2025-10-09,Graduated
INT-0590,Lucas,Schmidt,Non-Binary,lucas.schmidt590@internship.org,Master's Degree Student,Mathematics & Statistics,UI/UX & Product Design,2025-09-10,Graduated
INT-0591,Hassan,Santos,Non-Binary,hassan.santos591@internship.org,Master's Degree Student,Data Science & Analytics,Mobile App Development,2025-12-21,Graduated
INT-0592,Alex,Al-Mansoor,Non-Binary,alex.almansoor592@internship.org,Career Switcher,Business Information Systems,Cybersecurity & Network Security,2025-01-07,Graduated
INT-0593,Ali,Suzuki,Male,ali.suzuki593@internship.org,Undergraduate Student,Electrical Engineering,Cloud Computing & DevOps,2025-02-20,Active
INT-0594,Mei,Rossi,Male,mei.rossi594@internship.org,Undergraduate Student,Information Technology,Web & Full-Stack Development,2026-05-16,Active
INT-0595,Mohammed,Mendoza,Female,mohammed.mendoza595@internship.org,Bootcamp Graduate,Graphic & Interaction Design,Cloud Computing & DevOps,2025-09-22,Active
INT-0596,Sophia,Rossi,Female,sophia.rossi596@internship.org,Undergraduate Student,Mathematics & Statistics,Web & Full-Stack Development,2024-09-01,Active
INT-0597,Wei,Das,Non-Binary,wei.das597@internship.org,Career Switcher,Computer Engineering,Mobile App Development,2026-01-22,Active
INT-0598,Rahul,Miller,Male,rahul.miller598@internship.org,Undergraduate Student,Computer Science,Data Science & Artificial Intelligence,2025-05-16,Graduated
INT-0599,Mei,Tanaka,Non-Binary,mei.tanaka599@internship.org,Master's Degree Student,Electrical Engineering,UI/UX & Product Design,2024-11-15,Active
INT-0600,Tariq,Santos,Female,tariq.santos600@internship.org,Undergraduate Student,Electrical Engineering,UI/UX & Product Design,2025-04-15,Placed in Tech Role
